SalePrice,MSSubClass,LotArea,OverallQual,OverallCond,YearBuilt,YearRemodAdd,MasVnrArea,BsmtFinSF1,BsmtUnfSF,TotalBsmtSF,1stFlrSF,2ndFlrSF,GrLivArea,BsmtFullBath,FullBath,HalfBath,BedroomAbvGr,TotRmsAbvGrd,Fireplaces,GarageYrBlt,GarageCars,GarageArea,WoodDeckSF,OpenPorchSF
145000,20,8400,5,6,1957,1957,0,922,392,1314,1314,0,1314,1,1,0,3,5,0,1957,1,294,250,0
178000,60,7837,6,7,1993,1994,0,0,799,799,799,772,1571,0,2,1,3,7,1,1993,2,380,0,40
85000,30,8777,5,7,1910,1950,0,0,796,796,796,0,796,0,1,0,2,4,0,1980,0,0,328,0
175000,50,7200,5,7,1937,1950,252,569,162,731,981,787,1768,1,1,1,3,7,2,1939,1,240,0,0
127000,50,5000,5,6,1924,1950,0,218,808,1026,1026,665,1691,0,2,0,3,6,1,1924,1,308,0,0
149900,20,9800,5,7,1972,1972,0,894,0,894,894,0,894,1,1,0,3,5,0,1975,2,552,256,0
174000,60,11911,6,5,2005,2005,0,0,684,684,684,876,1560,0,2,1,3,6,1,2005,2,400,100,38
125500,50,5436,4,8,1922,2007,0,735,61,796,796,358,1154,1,1,0,3,7,0,1922,1,240,0,96
175500,20,12090,6,6,1981,1981,210,588,606,1422,1422,0,1422,0,2,0,3,7,1,1981,2,576,276,0
225000,20,9158,8,5,2007,2007,140,0,1496,1496,1496,0,1496,0,2,0,3,7,0,2007,2,474,168,130
129000,85,8400,6,5,1966,1966,0,187,0,814,913,0,913,1,1,0,3,6,0,1990,1,240,0,0
159950,80,13400,5,5,1966,1966,1047,516,380,1024,1086,0,1086,1,1,0,3,6,1,1966,2,484,0,0
157000,20,11880,7,5,1978,1978,206,704,567,1271,1601,0,1601,0,2,0,3,7,1,1978,2,478,0,0
205000,60,13600,7,6,1965,1990,176,454,314,768,1186,800,1986,0,2,1,3,7,3,1965,2,486,0,42
140000,20,9600,7,5,1969,1969,168,0,1164,1164,1164,0,1164,0,1,1,3,6,0,1969,2,528,0,0
200000,60,8068,6,5,2002,2002,0,0,1010,1010,1010,1257,2267,0,2,1,4,8,1,2002,2,390,120,46
217000,20,21000,6,5,1953,1953,184,35,905,1809,2259,0,2259,1,2,0,3,7,2,1953,2,450,166,120
125000,20,8235,5,7,1955,1995,0,180,0,825,825,0,825,1,1,0,2,4,0,1963,2,720,140,50
159500,60,7950,6,6,1977,1977,140,535,155,690,698,728,1426,0,1,1,3,6,0,1977,2,440,252,0
184000,20,12416,6,5,1986,1986,132,1398,0,1606,1651,0,1651,1,2,0,3,7,1,1986,2,616,192,0
96500,45,10594,5,5,1926,1950,0,0,768,768,789,0,789,0,1,0,2,5,0,1926,1,200,0,0
200000,90,11643,5,5,1969,1969,368,500,748,1248,1338,1296,2634,1,2,2,6,12,0,1969,4,968,0,0
149000,50,6240,5,6,1928,1950,0,0,1042,1042,1042,534,1576,0,1,0,3,8,1,1928,1,225,0,0
178900,60,10237,6,5,2005,2007,0,0,783,783,783,701,1484,0,2,1,3,8,1,2005,2,393,0,72
184900,20,10083,7,5,2003,2003,0,833,343,1176,1200,0,1200,1,2,0,2,5,0,2003,2,555,0,41
164700,160,4251,7,5,2006,2007,0,0,625,625,625,625,1250,0,2,1,2,5,0,2006,2,528,0,54
335000,20,17500,7,8,1959,2002,0,1406,496,1902,1902,0,1902,1,2,0,3,7,2,1959,2,567,0,207
87500,90,8544,3,4,1949,1950,340,0,0,0,1040,0,1040,0,2,0,2,6,0,1949,2,400,0,0
233170,20,9541,7,5,2009,2009,268,0,1502,1502,1502,0,1502,0,2,0,3,7,0,2009,2,644,0,114
149350,20,8544,5,6,1966,2006,0,0,1228,1228,1228,0,1228,0,1,1,3,6,0,1966,1,271,0,65
133000,40,12144,5,7,1949,1950,0,375,457,832,1036,0,1268,0,1,0,3,6,1,1949,1,288,0,28
98000,30,5604,5,6,1925,1950,0,468,396,864,864,0,864,1,1,0,2,5,0,1980,0,0,0,0
207500,20,10240,6,6,1980,1980,157,625,0,1686,1686,0,1686,1,2,0,3,7,1,1980,2,612,384,131
150000,20,9991,4,4,1976,1993,0,1116,165,1281,1620,0,1620,1,2,0,3,8,1,1993,2,490,120,78
134900,85,7252,5,5,1982,1982,0,685,173,858,858,0,858,1,1,0,2,5,0,1983,2,576,120,0
187750,20,7200,7,5,2006,2006,0,0,1293,1293,1301,0,1301,1,2,0,2,5,1,2006,2,572,216,121
149500,20,12160,6,4,1953,1953,90,1024,481,1505,1505,0,1505,1,1,0,2,6,1,1953,2,505,0,0
116050,20,9353,4,5,1970,1970,0,0,864,864,864,0,864,0,1,0,3,5,0,1972,1,280,0,0
153337,90,7018,5,5,1979,1979,275,1086,0,1086,1224,0,1224,2,0,2,2,6,2,1979,2,528,120,0
165000,20,13284,5,5,1954,1954,0,1064,319,1383,1383,0,1383,1,1,0,3,6,1,1954,1,354,511,116
130500,20,6600,5,9,1982,2008,0,641,175,816,816,0,816,0,1,0,3,5,1,1982,1,264,0,0
206300,90,7060,7,5,1997,1998,200,1309,35,1344,1344,0,1344,2,2,0,2,8,0,1997,4,784,0,0
146000,160,3604,7,5,2007,2007,0,0,689,689,703,689,1392,0,2,0,2,5,0,2007,2,540,0,102
126500,20,8892,5,5,1960,1960,66,0,1065,1065,1065,0,1065,0,1,1,3,6,0,1974,2,461,74,0
139000,50,5362,5,6,1910,2003,0,0,661,661,661,589,1250,0,2,0,3,8,1,1985,2,552,242,0
113000,190,4456,4,5,1920,2008,0,0,736,736,736,716,1452,0,2,0,2,8,0,1980,0,0,0,0
79000,50,9600,6,5,1924,1950,0,0,572,572,572,524,1096,0,1,0,2,5,0,1980,0,0,0,8
182000,20,11639,7,5,2007,2008,0,0,1428,1428,1428,0,1428,0,2,0,3,6,0,2007,2,480,0,120
188000,60,8000,6,5,1995,1996,0,219,554,773,773,885,1658,1,2,1,3,8,1,1995,2,431,224,84
129000,20,7200,5,8,1950,2002,0,398,317,864,864,0,864,1,1,0,3,5,0,1980,2,720,194,0
160000,190,7082,5,8,1916,1995,0,0,686,686,948,980,1928,0,2,0,5,10,0,1980,0,0,0,0
174000,20,8400,6,9,1962,2005,237,0,1319,1319,1537,0,1537,1,1,1,3,7,1,1962,2,462,0,36
219210,60,14054,7,5,2006,2006,0,0,879,879,879,984,1863,0,2,1,4,9,1,2006,3,660,100,17
310000,60,11003,10,5,2008,2008,160,765,252,1017,1026,981,2007,1,2,1,3,10,1,2008,3,812,168,52
374000,20,11846,9,5,2003,2004,562,1567,225,1792,1792,0,1792,1,2,0,2,6,1,2003,3,874,206,49
100000,30,8520,5,6,1923,2006,0,0,968,968,968,0,968,0,1,0,2,5,0,1935,2,480,0,0
250000,60,11029,6,7,1968,1984,220,619,435,1054,1512,1142,2654,1,2,1,4,9,1,1968,2,619,0,65
145000,80,10246,4,9,1965,2001,0,648,0,648,960,0,960,1,0,0,0,3,0,1965,1,364,88,0
325000,75,13500,10,9,1893,2000,0,0,1237,1237,1521,1254,2775,0,3,1,3,9,1,1988,2,880,105,502
380000,60,13693,9,5,2006,2006,772,0,2153,2153,2069,574,2643,0,2,1,3,9,1,2006,3,694,414,84
275000,120,3842,8,5,2004,2005,174,1373,221,1594,1646,0,1646,1,2,0,2,5,1,2004,2,482,128,53
180000,20,11200,6,5,1985,1985,85,1258,40,1298,1298,0,1298,1,2,0,3,5,1,1985,2,403,165,26
245350,20,10475,8,5,2008,2008,72,0,1694,1694,1694,0,1694,0,2,0,3,7,0,2008,3,776,160,33
151500,20,12772,6,8,1960,1998,0,498,460,958,958,0,958,0,1,0,2,5,0,1960,1,301,0,0
134500,85,10205,5,5,1962,1962,0,784,141,925,999,0,999,1,1,0,3,6,0,1962,1,300,150,72
94000,50,6342,5,8,1875,1996,0,0,780,780,780,240,1020,0,1,0,2,6,0,1980,0,0,0,0
216000,60,7500,7,5,2000,2000,0,533,281,814,814,860,1674,1,2,1,3,7,0,2000,2,663,0,96
350000,20,10437,8,6,1995,1995,660,1696,413,2109,2113,0,2113,1,2,1,2,7,1,1995,3,839,236,46
195000,60,12046,6,6,1976,1976,298,156,692,848,1118,912,2030,0,2,1,4,8,1,1976,2,551,0,224
120000,160,10762,6,6,1980,1980,0,0,626,626,626,591,1217,0,1,1,3,6,1,1980,1,288,0,28
228500,60,9375,8,5,2002,2002,149,0,1284,1284,1284,885,2169,0,2,1,3,7,1,2002,2,647,192,87
248000,60,29959,7,6,1994,1994,0,595,378,973,979,871,1850,0,2,1,3,7,1,1994,2,467,168,98
124000,20,9204,5,5,1963,1963,0,25,247,1144,1144,0,1144,1,1,1,3,6,0,1962,1,336,0,88
191000,120,3182,7,5,2005,2006,14,16,1330,1346,1504,0,1504,0,2,0,2,7,1,2005,2,437,156,20
181000,20,10140,6,6,1974,1999,99,663,0,1040,1309,0,1309,1,1,1,3,5,1,1974,2,484,265,0
105000,50,9060,6,5,1939,1950,0,204,356,560,698,560,1258,0,1,0,2,6,0,1939,1,280,0,0
139900,20,12342,5,5,1960,1978,0,0,978,978,1422,0,1422,0,1,0,3,6,1,1960,1,286,0,0
157900,20,9750,6,6,1958,1958,243,608,834,1442,1442,0,1442,0,1,1,4,7,0,1958,1,301,0,0
130500,50,11767,5,6,1946,1995,0,352,416,768,768,432,1200,0,1,0,3,6,0,1946,1,240,0,0
172400,60,8121,6,5,2000,2000,0,0,953,953,953,711,1664,0,2,1,3,7,1,2000,2,460,100,40
130000,80,7134,5,5,1955,1955,0,384,0,384,1360,0,1360,0,1,0,3,6,1,1962,2,572,0,50
178000,60,9056,8,5,2004,2004,0,0,707,707,707,707,1414,0,2,1,3,6,1,2004,2,403,100,35
161500,20,9790,6,5,1967,1967,0,251,491,1372,1342,0,1342,0,2,0,3,7,1,1967,2,457,0,0
119900,190,7800,5,7,1939,1950,0,507,286,793,793,325,1118,1,1,0,3,5,1,1939,2,410,0,0
239000,70,16560,6,8,1932,1950,0,503,449,952,1170,1175,2345,0,2,1,4,9,1,1932,2,360,0,0
190000,20,11751,6,6,1977,1977,480,705,1139,1844,1844,0,1844,0,2,0,3,7,1,1977,2,546,0,122
85400,160,1680,6,5,1971,1971,232,387,96,483,483,504,987,0,1,1,2,4,0,1971,1,264,0,0
205000,20,10603,6,7,1977,2001,28,1200,410,1610,1610,0,1610,1,2,0,3,6,2,1977,2,480,168,68
134000,20,9187,6,5,1983,1983,0,336,748,1084,1080,0,1080,0,1,1,3,5,0,1983,2,484,120,0
168000,190,32463,4,4,1961,1975,149,1159,90,1249,1622,0,1622,1,1,0,3,7,1,1975,4,1356,439,0
185000,60,11207,6,5,1997,1997,0,714,88,802,802,709,1511,1,2,1,3,8,1,1997,2,413,95,75
180500,80,14112,5,7,1964,1964,86,1014,138,1152,1152,0,1152,1,1,0,3,6,1,1964,2,484,227,0
152000,50,13710,5,5,1950,1950,0,420,490,910,910,648,1558,0,1,1,4,6,0,1950,1,282,289,0
215000,60,9554,8,5,1993,1994,125,380,397,777,1065,846,1911,0,2,1,3,8,1,1993,2,471,182,81
153000,20,8712,5,7,1957,2000,0,860,132,992,1306,0,1306,1,1,0,2,5,0,1968,1,756,0,0
106000,75,8100,5,5,1898,1965,0,0,849,849,1075,1063,2138,0,2,0,2,11,0,1910,2,360,40,156
340000,60,11143,8,5,2004,2005,0,0,1580,1580,1580,886,2466,0,3,0,4,8,1,2004,2,610,159,214
159000,50,9786,6,7,1962,1981,0,600,312,912,1085,649,1734,0,1,1,3,7,1,1962,2,440,0,0
120000,50,6000,6,7,1929,1950,0,0,862,862,950,208,1158,0,1,0,3,5,1,1929,1,208,0,0
115000,20,21750,5,4,1960,2006,75,0,0,0,1771,0,1771,0,1,0,3,9,1,1960,2,336,0,0
128000,120,4928,6,5,1976,1976,0,120,958,1078,958,0,958,0,2,0,2,5,1,1977,2,440,0,205
314813,20,11694,9,5,2007,2007,452,48,1774,1822,1828,0,1828,0,2,0,3,9,1,2007,3,774,0,108
131000,50,11409,5,4,1949,2008,0,292,476,768,1148,568,1716,0,1,1,3,8,1,1949,1,281,0,0
446261,60,14948,9,5,2008,2008,268,1330,122,1452,1476,1237,2713,1,2,1,3,11,1,2008,3,858,126,66
127500,50,6240,6,6,1931,1950,0,425,459,884,959,408,1367,0,1,0,3,6,1,1978,1,560,0,0
155000,70,2500,7,8,1915,2005,0,299,611,910,916,910,1826,1,1,1,4,7,1,1915,1,164,0,0
177500,20,11249,6,5,1995,1995,0,334,322,1200,1200,0,1200,1,2,0,3,6,0,1995,2,521,0,26
128500,50,12358,5,6,1941,1950,0,360,360,720,854,0,1382,0,1,1,2,7,0,1991,2,660,237,0
176000,60,8029,6,5,2005,2005,0,0,728,728,728,728,1456,0,2,1,3,8,0,2005,2,400,100,24
402000,60,46589,8,7,1994,2005,528,1361,88,1629,1686,762,2448,1,2,1,4,8,1,1994,3,711,517,76
130000,70,8525,5,6,1911,1950,0,0,940,940,1024,940,1964,0,1,1,4,7,0,1980,0,0,0,192
145000,20,8250,6,7,1964,1964,260,787,305,1092,1092,0,1092,1,1,0,3,6,0,1964,2,504,0,0
147000,20,9600,5,7,1950,2007,0,607,506,1113,1113,0,1113,0,1,0,3,5,1,1950,1,264,0,80
115000,20,10500,4,5,1971,1971,0,432,432,864,864,0,864,0,1,0,3,5,1,1980,0,0,0,0
189000,60,7500,7,5,1999,1999,0,0,994,994,1028,776,1804,0,2,1,3,7,1,1999,2,442,140,60
143000,90,25000,5,4,1967,1967,0,0,1632,1632,1632,0,1632,0,2,0,4,8,0,1967,2,576,0,0
240000,60,10800,6,7,1974,1997,0,956,384,1522,1548,1066,2614,0,2,1,4,9,1,1974,2,624,38,243
230000,120,5001,7,5,2007,2008,166,904,410,1314,1314,0,1314,1,2,0,2,6,1,2008,2,626,172,62
190000,60,10186,7,5,1992,1992,0,674,76,750,1061,862,1923,1,2,1,3,8,1,1992,2,564,240,39
213000,20,8400,7,5,2004,2005,109,712,761,1473,1484,0,1484,1,2,0,3,7,0,2004,2,606,0,35
82500,30,5330,4,7,1940,1950,0,280,140,420,708,0,708,0,1,0,2,5,0,1980,0,0,164,0
274900,20,9591,8,5,2004,2005,262,1088,625,1713,1713,0,1713,1,2,0,3,7,1,2004,3,856,0,26
155000,20,7931,5,6,1960,1960,0,374,363,1269,1269,0,1269,0,1,1,3,6,1,1964,1,308,0,0
423000,20,20896,8,5,2005,2006,0,1721,356,2077,2097,0,2097,1,1,1,1,8,1,2005,3,1134,192,267
128500,20,9560,5,7,1972,1972,0,360,504,864,864,0,864,0,1,0,3,5,0,1972,1,288,0,0
335000,60,11308,9,5,2008,2008,154,936,168,1104,1130,1054,2184,1,2,1,3,10,1,2008,3,836,0,102
262000,20,12461,8,5,1994,1995,0,1456,168,1624,1624,0,1624,1,2,0,2,5,1,1994,3,757,0,114
129500,20,11200,5,5,1965,1965,0,906,134,1040,1040,0,1040,1,1,0,3,5,0,1965,1,384,0,0
222500,60,9505,7,5,2001,2001,180,0,884,884,884,1151,2035,0,2,1,3,8,1,2001,2,434,144,48
270000,120,9549,8,5,1995,1996,0,437,0,1494,1494,0,1494,1,1,1,2,6,1,1995,2,481,0,30
207500,120,5063,7,5,2007,2008,166,904,410,1314,1314,0,1314,1,2,0,2,6,1,2008,2,626,172,62
175000,60,11700,6,6,1968,1968,365,384,143,702,1041,702,1743,0,1,2,3,7,1,1968,2,539,224,0
238000,60,13125,7,5,1991,1991,0,48,422,1104,912,1215,2127,1,2,1,4,8,1,1991,3,833,72,192
135900,190,5687,5,6,1912,2000,0,210,570,780,936,780,1716,1,2,0,6,9,0,1980,0,0,0,184
224000,120,6371,7,5,2009,2010,128,733,625,1358,1358,0,1358,1,2,0,2,6,1,2010,2,484,192,35
170000,80,9967,7,5,2000,2000,0,0,384,384,774,656,1430,0,2,1,3,8,1,2000,2,400,100,0
185000,20,7500,7,5,2004,2005,0,410,811,1221,1221,0,1221,1,2,0,2,6,0,2004,2,400,0,113
263000,60,9375,7,5,2003,2004,0,0,912,912,912,1182,2094,0,2,1,4,8,1,2003,2,615,182,182
62383,20,8281,5,5,1965,1965,0,553,0,864,864,0,864,0,1,0,3,5,1,1965,1,360,0,0
150000,20,8973,5,7,1958,1991,85,567,413,1008,1053,0,1053,0,1,1,3,6,0,1998,2,750,0,80
171000,85,16647,5,5,1975,1981,0,1390,0,1390,1701,0,1701,1,2,0,3,6,2,1975,2,611,0,0
139000,20,8176,5,6,1958,1992,0,846,210,1056,1056,0,1056,1,1,0,3,6,0,1958,1,308,0,0
126175,20,5820,3,8,1955,2005,0,256,906,1162,1163,0,1163,1,1,0,3,6,0,1955,1,220,142,98
205950,60,8125,7,6,2007,2007,0,0,813,813,822,843,1665,0,2,1,3,7,0,2007,2,562,0,0
110000,50,12354,6,8,1920,2000,0,0,684,684,684,512,1196,0,1,0,3,7,0,2005,2,528,0,46
485000,60,13518,9,5,2008,2009,860,0,1926,1926,1966,1174,3140,0,3,1,4,11,2,2009,3,820,144,78
174000,20,10400,7,6,1970,1970,288,0,1304,1304,1682,0,1682,0,2,0,3,7,1,1970,2,530,98,0
145000,180,3675,5,5,2005,2005,80,547,0,547,1072,0,1072,1,1,0,2,5,0,2005,2,525,0,28
215200,60,8640,7,5,2009,2009,0,24,732,756,764,783,1547,0,2,1,3,7,0,2009,2,614,169,45
320000,20,11670,9,5,2006,2006,302,0,1905,1905,1905,0,1905,0,2,0,3,8,1,2006,3,788,0,191
212000,60,10667,7,6,1996,1996,0,385,70,799,827,834,1661,1,2,1,3,6,1,1996,2,550,158,61
168500,80,9020,6,5,1964,1964,259,624,288,1248,1350,0,1350,1,1,1,3,6,0,1964,2,520,176,0
189000,60,11218,6,5,1992,1992,0,0,1055,1055,1055,790,1845,0,2,1,3,8,1,1992,2,462,635,104
140000,80,13825,5,6,1958,1987,0,0,533,533,1021,580,1601,0,1,0,3,6,0,1958,1,300,280,34
187500,60,13031,6,5,1995,1996,0,592,99,691,691,807,1498,0,2,1,3,6,1,1995,2,409,315,44
254900,60,12552,7,5,2004,2005,0,222,769,991,991,956,1947,0,2,1,3,8,1,2004,2,678,0,136
135000,20,7390,5,7,1955,1955,151,902,196,1098,1098,0,1098,1,1,0,3,6,0,1955,1,260,0,0
151000,20,9750,6,8,1969,1969,0,602,14,1054,1054,0,1054,1,1,1,3,6,0,1969,2,460,180,0
112500,20,6000,5,6,1957,1957,0,308,620,928,928,0,928,0,1,0,3,5,0,1957,1,288,0,0
184000,50,9120,7,6,1925,1950,0,329,697,1026,1133,687,1820,1,2,0,4,8,0,1925,1,240,0,100
197000,75,15863,7,3,1920,1970,0,523,301,824,1687,998,3082,1,2,1,5,12,2,1970,2,672,136,63
161500,50,11250,4,5,1957,1989,0,0,1104,1104,1104,684,1788,1,1,0,5,8,2,1957,1,304,120,0
85000,30,7200,5,4,1910,2006,0,247,310,1022,1022,0,1022,1,1,0,2,4,0,1956,1,280,0,30
203000,20,8814,7,5,2005,2007,80,925,349,1274,1274,0,1274,1,2,0,3,6,0,2005,2,508,264,98
325000,60,11198,9,5,2005,2007,245,0,1122,1122,1134,1370,2504,0,2,1,4,11,1,2005,3,656,144,39
313000,60,11050,9,5,2000,2000,204,904,536,1440,1476,677,2153,1,2,1,3,8,2,2000,3,736,253,142
237000,60,9473,8,5,2002,2002,0,804,324,1128,1128,903,2031,1,2,1,3,7,1,2002,2,577,0,211
180500,70,13515,6,6,1919,1950,0,0,764,764,1060,764,1824,0,1,0,3,8,1,1940,2,520,0,0
137000,20,11425,5,6,1954,1954,0,486,522,1008,1008,0,1008,0,1,0,2,4,1,1954,1,275,0,0
90350,30,4280,5,6,1913,2002,0,365,75,440,694,0,694,0,1,0,2,4,1,1990,1,352,0,0
150900,90,12640,6,5,1976,1976,0,936,396,1728,1728,0,1728,0,2,0,4,8,0,1976,2,574,40,0
214000,20,10264,7,5,1999,1999,183,1162,426,1588,1588,0,1588,0,2,0,3,6,0,1999,2,472,158,29
121500,20,11341,5,6,1957,1996,180,1302,90,1392,1392,0,1392,1,1,1,3,5,1,1957,2,528,0,0
745000,60,15623,10,5,1996,1996,0,2096,300,2396,2411,2065,4476,1,3,1,4,10,2,1996,3,813,171,78
190000,60,11952,7,6,1977,1977,0,0,808,808,1161,808,1969,0,2,1,3,8,1,1977,2,534,0,0
181000,120,3182,7,5,2005,2006,16,16,1330,1346,1504,0,1504,0,2,0,1,7,1,2005,2,457,156,0
60000,20,9571,5,3,1958,1958,0,0,1276,1276,1276,0,1276,0,1,0,3,5,0,1958,1,350,0,0
239000,20,11923,9,5,2007,2007,0,0,1800,1800,1800,0,1800,0,2,0,2,7,0,2007,2,702,288,136
118500,90,11841,6,5,1990,1990,104,816,0,816,816,0,816,1,1,0,3,5,0,1980,0,0,0,32
109500,20,7200,5,7,1950,1950,0,0,0,0,1040,0,1040,0,1,0,2,5,0,1950,2,625,0,0
110000,20,7990,5,6,1975,1975,0,0,924,924,924,0,924,0,1,0,3,5,0,1981,1,280,0,0
105500,45,7227,6,6,1954,1954,0,0,832,832,832,0,832,0,1,0,2,4,0,1962,2,528,0,0
199900,60,11214,7,5,1998,1999,0,0,930,930,956,930,1886,0,2,1,4,10,1,1998,2,431,89,0
271900,20,14684,7,7,1990,1991,234,485,1496,2158,2196,0,2196,0,2,0,3,7,1,1990,3,701,84,70
131500,190,11625,5,4,1965,1965,0,841,198,1039,1039,0,1039,1,1,1,3,6,0,1965,2,504,0,0
135000,50,21286,5,5,1948,1950,0,0,720,720,720,551,1271,0,2,0,4,7,1,1948,1,312,0,0
119000,50,8405,5,8,1900,1950,0,241,229,861,961,406,1367,1,1,0,4,7,0,1978,1,384,0,130
215000,60,20544,7,6,1986,1991,123,0,791,791,1236,857,2093,0,2,1,3,7,1,1986,2,542,364,63
133500,20,15523,5,6,1972,1972,0,460,404,864,864,0,864,1,1,0,3,5,1,1972,1,338,0,0
169000,50,9638,6,7,1919,1990,0,0,804,804,1699,748,2447,0,2,0,4,10,1,1969,1,336,272,0
137500,85,8800,6,7,1963,1963,156,763,173,936,1054,0,1054,1,1,0,3,6,0,1963,2,480,120,0
147000,20,8402,5,5,2007,2007,0,206,914,1120,1120,0,1120,0,1,0,3,6,0,1980,0,0,0,30
232000,20,8688,7,5,2005,2005,228,0,1616,1616,1616,0,1616,0,2,0,3,7,0,2005,3,834,208,59
156000,20,10289,5,7,1965,1965,168,836,237,1073,1073,0,1073,1,1,1,3,6,0,1965,2,515,0,0
170000,20,10010,5,5,1974,1975,0,1071,195,1389,1389,0,1389,1,1,0,2,6,1,1975,2,418,240,38
82500,30,12342,4,5,1940,1950,0,262,599,861,861,0,861,0,1,0,1,4,0,1961,2,539,158,0
155000,70,7200,7,9,1936,2007,0,350,0,560,575,560,1135,1,1,0,3,6,0,1971,2,576,256,0
424870,60,9965,8,5,2006,2007,340,1150,316,1466,1466,1362,2828,1,3,0,4,11,1,2006,3,1052,125,144
236500,120,5389,8,5,1995,1996,0,1180,415,1595,1616,0,1616,1,2,0,2,5,1,1995,2,608,237,152
218000,20,10768,5,8,1976,2004,0,1157,280,1437,1437,0,1437,1,2,0,3,6,1,1976,2,528,0,21
213000,20,9750,7,5,2000,2001,171,0,1630,1630,1630,0,1630,0,2,0,3,6,1,2000,2,451,74,234
312500,20,14331,8,5,2002,2002,630,1274,526,1800,1800,0,1800,1,2,0,3,7,1,2002,3,765,270,78
187000,80,9600,6,7,1976,1994,360,0,528,528,1094,761,1855,0,2,1,3,7,1,1976,2,512,113,100
181000,60,24682,6,5,1999,1999,0,0,841,841,892,783,1675,0,2,1,3,7,1,1999,2,502,0,103
233000,60,10142,7,5,2004,2004,0,656,300,956,956,1128,2084,1,2,1,4,8,0,2004,2,618,0,45
95000,50,9084,5,6,1941,1950,0,236,0,616,616,495,1111,0,1,0,3,5,0,1941,1,200,48,0
52000,30,4130,3,6,1935,2003,0,0,270,270,729,0,729,0,1,0,2,5,0,1980,0,0,0,0
181000,20,17043,6,5,1979,1998,0,0,1362,1362,1586,0,1586,0,2,0,3,7,1,1979,2,435,192,0
501837,20,17423,9,5,2008,2009,748,1904,312,2216,2234,0,2234,1,2,0,1,9,1,2009,3,1166,0,60
88000,20,8125,4,4,1971,1971,0,614,244,858,858,0,858,0,1,0,3,5,0,1980,0,0,0,0
112000,20,8780,5,5,1985,1985,0,625,208,833,833,0,833,1,1,0,3,5,0,1980,0,0,0,0
140000,20,7763,5,7,1962,1980,0,504,319,931,1283,0,1283,1,1,0,3,6,0,1980,2,506,0,0
167000,20,9600,6,5,1953,1953,238,1285,131,1416,1644,0,1644,1,1,0,3,7,2,1953,2,418,110,0
145250,20,11600,6,5,1960,1960,175,565,818,1383,1383,0,1383,0,1,1,3,7,0,1960,1,292,0,45
210000,20,13175,6,6,1978,1988,119,790,589,1542,2073,0,2073,1,2,0,3,7,2,1978,2,500,349,0
157500,70,10440,5,8,1904,2002,0,0,650,650,958,581,1539,0,2,0,3,8,1,1983,2,686,70,78
212900,20,10084,7,5,2005,2006,196,24,1528,1552,1552,0,1552,0,2,0,3,7,0,2005,3,782,144,20
117500,20,9100,5,6,1965,1965,0,338,121,925,925,0,925,0,1,0,2,5,0,1965,1,429,0,0
185500,20,8773,7,5,2004,2004,98,24,1390,1414,1414,0,1414,0,2,0,3,6,0,2004,2,494,132,105
85000,50,8470,3,2,1915,1982,0,0,1013,1013,1013,0,1526,0,1,0,2,6,0,1980,0,0,0,0
145000,90,8393,5,5,1959,2005,122,528,1098,1626,1712,0,1712,0,2,0,4,8,0,2005,2,588,272,54
255500,20,11146,8,5,2006,2006,250,0,1709,1709,1717,0,1717,0,2,0,3,7,1,2006,3,908,169,39
124000,70,9000,5,6,1880,1991,0,0,636,636,1089,661,1750,0,1,0,3,8,0,1937,1,240,0,0
134900,50,6000,6,9,1937,2000,0,0,698,698,786,390,1176,0,1,0,2,4,0,1999,2,624,210,0
230500,60,11194,8,5,2000,2000,40,0,1406,1406,1454,482,1936,0,2,1,3,7,1,2000,2,504,188,124
110000,20,7340,4,6,1971,1971,0,322,536,858,858,0,858,0,1,0,2,4,0,1979,1,684,0,0
233230,60,15611,8,5,2006,2006,0,0,1079,1079,1079,840,1919,0,2,1,3,8,1,2006,2,685,0,51
157000,70,7200,7,7,1920,1950,0,0,596,596,998,764,1762,1,1,1,4,8,0,1989,2,576,36,0
142600,90,13101,5,5,1965,1965,108,231,1497,1728,1728,0,1728,0,2,0,6,10,0,1987,2,576,0,0
154000,160,2448,7,5,2003,2004,106,573,191,764,764,862,1626,1,2,1,2,6,0,2003,2,474,0,27
179665,60,17104,7,5,2006,2006,0,554,100,654,664,832,1496,1,2,1,3,7,1,2006,2,426,100,24
91000,30,6292,6,5,1930,1950,0,384,384,768,790,0,790,0,1,0,2,4,0,1925,1,160,0,141
197900,60,12384,7,7,1976,1976,233,0,793,793,1142,793,1935,0,2,1,3,7,1,1976,2,550,0,113
205000,60,10480,7,6,1976,1976,660,403,400,803,1098,866,1964,0,2,1,4,8,1,1976,2,483,0,69
161000,70,5100,8,7,1925,1996,0,0,588,588,833,833,1666,0,1,0,3,7,1,1925,1,228,192,63
149900,80,8385,5,8,1977,1977,220,595,390,985,985,0,985,0,2,0,3,6,0,1977,1,328,210,0
207000,120,8198,7,5,2004,2004,146,720,638,1358,1358,0,1358,1,2,0,2,6,1,2004,2,484,192,30
143000,120,4426,6,5,2004,2004,169,662,186,848,848,0,848,1,1,0,1,3,0,2004,2,420,160,0
281000,60,11065,8,5,2006,2006,788,0,1085,1085,1120,850,1970,0,2,1,3,8,1,2006,3,753,177,74
372500,20,11844,8,5,2008,2008,464,0,2046,2046,2046,0,2046,0,2,1,3,7,1,2008,3,834,322,82
235000,60,10316,7,5,2000,2000,0,735,257,992,992,873,1865,1,2,1,3,7,1,2000,3,839,0,184
214500,75,11888,6,6,1916,1994,0,0,844,844,1445,689,2134,0,2,0,5,10,0,1930,2,441,0,60
260000,60,9900,7,5,1993,1993,256,987,360,1347,1372,1274,2646,1,2,1,4,9,1,1993,3,656,340,60
149700,20,7407,6,7,1957,1996,0,600,312,912,1236,0,1236,1,1,0,2,6,0,1957,2,923,0,158
131000,20,8885,5,5,1983,1983,0,301,239,864,902,0,902,1,1,0,2,5,0,1983,2,484,164,0
144000,20,12968,5,6,1962,1962,0,737,175,912,912,0,912,1,1,0,2,4,0,1962,1,352,140,0
215000,20,31770,6,5,1960,1960,112,639,441,1080,1656,0,1656,1,1,0,3,7,2,1960,2,528,210,62
176000,80,19296,6,5,1962,1962,399,672,0,1362,1382,0,1382,1,1,0,3,6,1,1991,2,884,0,0
144000,90,8400,5,5,1977,1977,320,0,0,0,2020,0,2020,0,2,0,4,10,2,1977,2,630,0,0
155000,80,8816,6,7,1971,1971,80,504,506,1010,1052,0,1052,1,1,0,3,6,0,1971,2,440,0,0
290000,60,12257,8,5,1995,1995,513,56,1198,1318,1328,1203,2531,0,2,1,4,9,1,1995,3,752,222,98
230000,60,9066,8,5,1999,2000,320,668,336,1004,1004,848,1852,0,2,1,3,7,2,1999,3,660,224,106
290000,20,10182,8,5,2006,2006,420,1220,440,1660,1660,0,1660,1,2,0,3,8,1,2006,2,500,322,50
328900,120,5119,9,5,1999,2000,60,1238,460,1698,1709,0,1709,1,2,0,2,5,1,1999,2,506,97,65
142000,20,6768,6,8,1961,1996,0,832,80,912,912,0,912,1,1,0,3,5,0,1962,1,288,168,0
231500,60,15426,6,5,1997,1997,0,821,107,928,928,836,1764,1,2,1,3,7,0,1997,2,470,276,99
162000,60,12936,6,6,1972,1972,0,593,130,723,735,660,1395,0,1,1,3,6,1,1972,2,497,294,116
133000,20,7500,5,5,1963,1963,0,824,216,1040,1040,0,1040,1,1,1,3,5,0,1963,1,308,0,0
386250,20,13472,10,5,2003,2003,922,56,2336,2392,2392,0,2392,0,2,0,3,8,1,2003,3,968,248,105
110500,30,6000,6,6,1925,1980,0,397,706,1103,1103,0,1103,0,1,0,2,5,1,1976,2,440,166,120
339750,60,10800,8,5,2007,2008,100,789,245,1034,1050,1028,2078,1,2,1,3,8,1,2008,3,836,0,102
87000,45,5000,5,6,1941,1950,0,116,604,720,803,0,803,0,1,0,2,5,0,1941,2,360,0,0
158500,20,14000,6,8,1950,2004,0,0,1092,1092,1152,0,1152,0,1,0,3,6,1,1950,1,300,0,36
170000,85,10625,7,6,1974,1974,81,885,0,1053,1173,0,1173,1,2,0,3,6,2,1974,2,528,0,120
55000,190,5600,4,5,1930,1950,0,0,0,0,372,720,1092,0,2,0,3,7,0,1980,0,0,0,0
138887,70,13132,5,5,1914,1950,0,0,747,747,892,892,1784,0,1,1,4,9,0,1914,1,180,203,40
170000,80,10192,7,6,1968,1992,143,0,570,570,1222,698,1920,0,3,0,4,8,1,1968,2,487,0,98
240000,20,14859,7,5,2006,2006,27,0,1670,1670,1670,0,1670,0,2,0,3,7,1,2006,3,690,144,60
147400,160,2544,7,5,2005,2005,0,0,600,600,520,623,1223,0,2,1,2,4,0,2005,2,480,0,166
289000,20,15602,7,8,1959,1997,0,1247,254,1501,1801,0,1801,1,2,0,1,6,2,1959,2,484,0,54
135000,90,9246,5,5,1973,1973,564,0,1656,1656,1656,0,1656,0,2,0,4,8,0,1973,2,506,0,211
140000,70,9550,7,5,1915,1970,0,216,540,756,961,756,1717,1,1,0,3,7,1,1998,3,642,0,35
333168,60,14774,9,5,1999,1999,165,0,1393,1393,1422,1177,2599,0,2,1,4,10,1,1999,3,779,668,30
146500,70,9480,5,7,1942,1995,224,386,342,728,888,756,1644,0,1,1,3,7,2,1942,1,312,168,0
354000,60,12099,8,5,2004,2004,388,970,166,1136,1136,1332,2468,1,2,1,4,10,1,2004,3,872,184,154
143000,50,14115,5,5,1993,1995,0,732,64,796,796,566,1362,1,1,1,1,5,0,1993,2,480,40,30
265900,20,9037,8,5,2006,2006,32,428,1048,1476,1484,0,1484,0,2,0,2,6,1,2006,2,472,120,33
146000,20,9230,5,8,1965,1998,166,661,203,864,1200,0,1200,1,1,1,1,6,0,1977,2,884,0,64
165000,20,10140,6,5,1974,1974,174,0,1064,1064,1350,0,1350,0,2,0,3,7,1,1974,2,478,0,0
82000,90,6040,4,5,1955,1955,0,0,0,0,1152,0,1152,0,2,0,2,6,0,1980,0,0,0,0
213250,20,10140,7,5,1998,1999,0,144,379,1650,1680,0,1680,1,2,0,3,7,1,1998,2,583,78,73
79000,50,5000,5,4,1900,1950,0,0,540,540,889,551,1440,0,1,0,3,6,0,1940,1,352,0,0
143000,20,10355,5,5,1967,1967,196,695,519,1214,1214,0,1214,0,2,0,3,5,1,1967,1,318,0,111
130500,60,13517,6,8,1976,2005,289,533,192,725,725,754,1479,0,2,1,3,6,0,1976,2,475,0,44
239900,60,10463,8,5,2005,2005,0,0,893,893,901,900,1801,0,2,1,3,8,1,2005,3,800,0,116
177500,70,7500,6,7,1942,1950,0,547,224,771,753,741,1494,0,1,0,3,7,2,1942,1,213,0,0
262280,60,11839,7,5,1990,1990,99,1085,390,1475,1532,797,2329,1,2,1,4,10,1,1990,2,514,192,121
227000,20,10000,8,5,2006,2006,410,0,1588,1588,1588,0,1588,0,2,0,3,7,1,2006,3,825,144,45
159500,20,8910,6,6,1959,1959,0,655,0,655,1194,0,1194,0,1,0,3,6,1,1954,2,539,0,0
217000,20,9236,6,5,1997,1997,0,1200,279,1479,1494,0,1494,1,2,0,3,6,0,1997,2,576,168,27
410000,50,14720,8,5,1995,1996,579,816,1217,2033,2053,1185,3238,1,2,1,4,9,1,1996,3,666,283,86
148000,85,8846,5,5,1996,1996,0,298,572,870,914,0,914,0,1,0,2,5,0,1998,2,576,0,0
178000,70,9600,7,7,1925,1990,0,16,712,728,832,809,1641,0,1,1,3,6,1,1925,2,546,0,0
162900,50,6240,5,7,1930,1992,0,0,1078,1078,1128,445,1573,0,2,0,3,8,1,1930,2,360,0,0
187500,80,14115,7,5,1980,1980,225,1036,336,1372,1472,0,1472,1,2,0,3,6,2,1980,2,588,233,48
160000,50,12508,6,7,1940,1985,0,660,323,983,983,767,1750,1,2,0,4,7,0,1989,1,423,245,0
212000,60,10769,8,5,2007,2007,0,20,846,866,866,902,1768,0,2,1,3,7,0,2007,2,578,144,105
139000,20,9000,6,5,1956,1956,74,616,580,1196,1196,0,1196,1,1,0,2,6,1,1956,1,297,0,44
108000,20,8777,4,5,1949,2003,0,0,0,0,1126,0,1126,0,2,0,2,5,0,2002,2,520,0,96
84000,20,11500,4,3,1957,1957,0,0,0,0,845,0,845,0,1,0,3,5,0,1957,1,290,186,0
172000,60,11075,5,4,1969,1969,232,562,29,784,1168,800,1968,0,2,1,4,7,1,1969,2,530,305,189
104900,50,9738,5,7,1924,1950,0,392,392,784,949,272,1221,1,1,0,4,7,0,1965,1,392,0,0
114504,70,3600,6,7,1910,1993,0,0,684,684,684,684,1368,0,1,0,3,7,0,1930,1,216,0,158
106000,160,1869,6,6,1970,1970,127,321,162,483,483,504,987,0,1,1,2,5,0,1987,1,280,0,0
179900,20,10357,7,5,1990,1991,0,738,172,910,1442,0,1442,1,2,0,3,6,1,1990,2,719,0,244
102000,20,8877,4,5,1951,1951,0,836,0,836,1220,0,1220,0,1,0,2,6,0,1951,2,396,0,0
190000,20,8487,7,5,2004,2004,210,20,1480,1500,1500,0,1500,0,2,0,3,6,0,2004,2,570,192,36
340000,60,16545,8,5,1998,1998,731,781,503,1284,1310,1140,2450,1,2,1,3,7,1,1998,3,1069,0,126
180000,20,19900,7,5,1970,1989,287,912,1035,1947,2207,0,2207,1,2,0,3,7,1,1970,2,576,301,0
206000,20,6762,7,5,2006,2006,24,686,501,1187,1208,0,1208,1,2,0,2,6,0,2006,2,632,105,61
131500,50,12150,5,5,1954,1954,335,0,1050,1050,1050,745,1795,0,2,0,4,7,0,1954,1,352,0,0
150000,90,7711,4,3,1977,1977,0,1440,0,1440,1440,0,1440,2,2,0,4,8,0,1980,0,0,321,0
186000,20,10420,6,5,2009,2009,0,36,1176,1212,1212,0,1212,0,2,0,3,6,0,2009,2,460,100,22
116900,50,5700,7,7,1926,1950,0,0,572,572,572,539,1111,0,1,0,2,5,1,1982,1,288,0,0
299800,60,8963,8,9,1976,1996,289,575,487,1142,1175,1540,2715,0,3,1,4,11,2,1994,2,831,0,204
188000,60,8924,7,5,1998,1999,0,0,880,880,880,844,1724,0,2,1,3,8,0,1998,2,527,120,155
143000,20,9790,6,5,1963,1963,451,569,678,1328,1328,0,1328,1,1,1,3,6,2,1963,2,528,0,26
138500,20,8400,5,5,1968,1968,168,1016,36,1052,1052,0,1052,1,1,1,3,5,0,1968,1,288,356,0
260000,60,16059,8,5,1991,1992,284,0,1288,1288,1301,1116,2417,0,2,1,4,9,1,1991,2,462,127,82
119000,20,8190,4,6,1954,1954,0,732,216,948,948,0,948,1,1,0,3,5,1,1956,1,280,0,36
167500,70,11414,7,8,1910,1993,0,0,728,728,1136,883,2019,0,1,0,3,8,0,1997,2,532,509,135
85500,30,5900,4,7,1923,1958,0,0,440,440,869,0,869,0,1,0,2,4,0,1980,0,0,0,0
209500,120,4590,8,5,2006,2006,108,24,1530,1554,1554,0,1554,0,2,0,2,6,1,2006,2,627,156,73
206900,60,11075,6,5,1969,1969,0,500,176,952,1092,1020,2112,0,2,1,4,9,2,1969,2,576,280,0
112000,30,25339,5,7,1918,2007,0,0,816,816,1416,0,1416,0,2,0,3,7,0,2007,2,576,0,0
193000,60,7415,6,5,2004,2004,0,759,80,839,864,729,1593,1,2,1,3,8,1,2004,2,398,100,75
197500,20,9360,6,7,1972,2006,0,982,179,1161,1381,0,1381,1,1,1,3,5,1,1972,2,676,0,0
139000,20,9600,6,6,1958,1988,183,620,0,1240,1632,0,1632,1,2,0,3,6,1,1958,1,338,289,0
119750,30,6305,5,7,1938,1950,0,0,920,920,954,0,954,0,1,0,2,5,1,1938,1,240,0,0
198500,85,7301,7,5,2003,2003,500,0,0,0,495,1427,1922,0,3,0,4,7,1,2003,2,672,0,0
135000,20,7064,5,6,1977,1977,153,560,420,980,980,0,980,0,1,0,3,6,0,1986,2,484,192,0
223500,60,11250,7,5,2001,2002,162,486,434,920,920,866,1786,1,2,1,3,6,1,2001,2,608,0,42
307000,20,10084,8,5,2004,2005,186,1369,317,1686,1694,0,1694,1,2,0,3,7,1,2004,2,636,255,57
132000,20,8000,6,6,1948,2002,0,680,292,972,972,0,972,1,1,0,2,5,1,1948,1,240,0,0
168000,20,14175,5,6,1956,1987,0,988,200,1188,1437,0,1437,1,1,1,3,6,1,1999,2,576,304,0
287000,60,9240,8,5,2001,2002,396,0,1055,1055,1055,1208,2263,0,2,1,3,7,1,2001,2,905,0,45
197000,60,11584,7,6,1979,1979,96,315,114,539,1040,685,1725,0,2,1,3,6,1,1979,2,550,0,88
134450,20,10011,5,6,1957,1996,64,360,710,1070,1236,0,1236,0,1,0,2,6,1,1957,1,447,0,0
133700,20,7560,5,5,1959,1959,0,369,671,1040,1040,0,1040,0,1,0,3,6,0,1959,1,286,140,0
306000,20,11478,8,5,2007,2008,200,1218,486,1704,1704,0,1704,1,2,0,3,7,1,2008,3,772,0,50
180000,20,11361,6,5,1976,1976,160,644,549,1193,1523,0,1523,0,2,0,3,7,1,1976,2,478,0,0
232600,20,11216,8,5,2006,2006,0,0,1489,1489,1489,0,1489,0,2,0,3,7,1,2006,2,776,0,140
175900,120,3635,7,5,2007,2007,130,988,398,1386,1569,0,1569,0,2,0,1,7,1,2007,3,660,143,20
178000,20,9100,7,5,2001,2001,0,0,1212,1212,1212,0,1212,0,2,0,3,6,0,2001,2,573,356,0
227000,20,9808,7,5,2002,2002,110,788,785,1573,1573,0,1573,1,2,0,3,6,0,2002,2,544,0,72
165150,60,10400,6,5,1972,1972,288,247,485,732,1012,778,1790,1,1,2,4,8,1,1972,2,484,148,0
223500,70,21384,5,6,1923,2004,0,1309,15,1324,1072,504,1576,2,1,1,3,6,1,1923,2,528,0,312
207500,60,8791,6,5,2003,2003,0,503,361,864,864,864,1728,0,2,1,3,7,0,2003,2,673,216,56
256300,20,14230,8,5,2007,2007,640,0,1566,1566,1600,0,1600,0,2,0,3,7,1,2007,3,890,0,56
377426,20,14157,9,5,2005,2006,200,1249,673,1922,1922,0,1922,1,2,0,3,8,1,2005,3,676,178,51
224500,60,13159,7,5,2009,2009,0,0,846,846,846,846,1692,0,2,1,3,6,0,2009,2,650,208,114
249700,20,11096,8,5,2006,2006,0,24,1632,1656,1656,0,1656,0,2,0,3,7,0,2006,3,826,0,146
100000,30,10800,4,7,1885,1995,0,0,641,641,1047,0,1047,0,1,0,2,6,0,1954,1,273,0,0
437154,60,20431,9,5,2005,2006,870,1410,438,1848,1848,880,2728,1,2,1,4,10,2,2006,3,706,0,0
180500,20,10175,6,5,1964,1964,272,490,935,1425,1425,0,1425,0,2,0,3,7,1,1964,2,576,0,0
121000,30,8854,6,6,1916,1950,0,0,952,952,952,0,952,0,1,0,2,4,1,1916,1,192,0,98
156000,20,13568,5,5,1995,1995,0,716,274,990,990,0,990,0,1,0,3,5,0,1996,2,576,224,0
180000,80,21453,6,5,1969,1969,0,938,0,938,988,0,988,1,1,0,1,4,2,1969,2,540,0,130
107000,20,8900,4,4,1966,1966,0,1056,0,1056,1056,0,1056,1,1,0,2,5,0,1966,1,384,0,42
377500,20,14892,9,5,2006,2007,160,1320,426,1746,1746,0,1746,1,2,0,3,7,2,2006,3,758,201,39
185000,60,10141,7,5,1998,1998,40,0,832,832,885,833,1718,0,2,1,3,7,1,1998,2,427,0,94
175000,80,12886,5,6,1963,1999,0,444,76,520,1464,0,1464,0,2,0,3,6,1,1997,2,480,302,0
195000,60,8935,7,5,2002,2002,95,0,831,831,831,829,1660,0,2,1,3,7,0,2002,2,493,144,68
319900,120,7658,9,5,2005,2005,412,456,1296,1752,1752,0,1752,1,2,0,2,6,1,2005,2,576,196,82
190000,90,18890,5,5,1977,1977,1,498,652,1361,1361,1259,2620,0,2,2,4,12,1,1977,2,600,155,24
184750,60,40094,10,5,2007,2008,762,2260,878,3138,3138,1538,4676,1,3,1,3,11,1,2007,3,884,208,406
109500,45,6130,5,6,1924,1950,0,784,0,784,784,0,784,1,1,0,2,5,0,1980,0,0,0,0
129000,20,6970,4,5,1961,1961,0,932,108,1040,1120,0,1120,1,1,1,3,5,0,1961,2,544,168,0
148000,20,11235,4,5,1963,1979,51,547,504,1051,1382,0,1382,0,1,1,3,6,1,1974,2,459,0,82
158900,60,11616,6,5,1978,1978,328,438,234,672,672,714,1386,0,2,1,3,6,1,1978,2,440,335,0
39300,20,5000,1,3,1946,1950,0,0,0,0,334,0,334,0,1,0,1,2,0,1980,0,0,0,0
151000,160,3182,7,5,2004,2005,0,0,600,600,600,600,1200,0,2,1,2,4,0,2004,2,480,0,172
178740,120,3072,7,5,2004,2004,18,0,1375,1375,1414,0,1414,0,2,0,2,6,1,2004,2,398,144,20
124000,90,8944,5,5,1967,1967,0,0,1584,1584,1584,0,1584,0,2,0,4,8,0,1967,3,792,0,152
230000,70,11435,8,7,1929,1950,0,0,792,792,792,725,1517,0,1,0,3,7,2,1931,2,400,0,0
145000,20,11040,6,7,1971,2004,144,656,602,1258,1258,0,1258,0,2,0,3,5,0,1971,2,528,55,0
125500,20,6173,5,6,1967,1967,75,599,277,876,902,0,902,0,1,0,3,6,0,1967,1,288,0,0
158000,20,13072,6,5,2004,2004,0,941,217,1158,1158,0,1158,1,1,1,3,5,0,2006,2,576,0,50
163500,30,13360,5,7,1921,2006,0,713,163,876,964,0,964,1,1,0,2,5,0,1921,2,432,0,0
129000,60,18450,6,5,1965,1979,113,187,111,1021,1465,915,2380,0,2,1,3,7,1,1965,2,596,0,265
194500,20,7314,7,5,2007,2007,82,724,508,1232,1232,0,1232,1,2,0,2,6,0,2007,2,632,132,0
127000,20,7180,5,7,1972,1972,0,390,474,864,864,0,864,0,1,0,3,5,0,1989,1,352,0,0
228500,60,11287,7,6,1989,1989,340,421,386,807,1175,807,1982,0,2,1,3,7,1,1989,2,575,0,84
280000,60,12011,8,5,1998,1998,530,956,130,1086,1086,838,1924,1,2,1,3,7,1,1998,2,592,208,75
234000,70,10918,7,9,1926,2004,0,0,1276,1276,1276,804,2080,0,1,1,3,9,2,1926,1,282,0,0
175000,60,7917,6,5,1999,2000,0,0,953,953,953,694,1647,0,2,1,3,7,1,1999,2,460,0,40
193000,120,8012,6,5,1993,1994,0,165,598,1604,1617,0,1617,1,2,0,2,5,1,1993,2,533,0,69
120000,20,9060,5,6,1957,2006,98,0,0,0,1340,0,1340,0,1,0,3,7,1,1957,1,252,116,0
395192,20,10159,9,5,2009,2010,450,1646,284,1930,1940,0,1940,1,2,1,3,8,1,2010,3,606,168,95
136900,50,9525,6,4,1954,1972,0,444,550,994,1216,639,1855,0,2,0,4,7,0,1954,1,325,182,0
144000,85,9180,5,7,1983,1983,0,747,0,840,884,0,884,1,1,0,2,5,0,1983,2,504,240,0
175500,160,2628,7,5,2003,2003,106,0,764,764,764,862,1626,0,2,1,2,6,0,2003,2,474,0,27
110000,50,3500,5,7,1947,1950,0,312,408,720,720,564,1284,0,1,1,2,5,0,1948,1,240,0,35
255900,60,11250,8,5,2002,2002,0,0,1128,1128,1149,1141,2290,0,2,1,4,9,1,2002,2,779,0,0
110000,90,8472,5,5,1963,1963,0,104,0,816,816,0,816,1,1,0,2,5,0,1963,2,516,106,0
229000,50,13837,7,5,1988,1988,178,1002,0,1204,1377,806,2183,0,2,1,4,9,0,1988,3,786,0,0
124900,50,8820,5,6,1890,1996,0,1088,0,1088,1188,561,1869,0,1,0,2,7,0,1963,2,456,48,0
164000,75,7128,7,5,1941,1950,0,364,554,918,918,728,1646,0,2,0,4,7,2,1941,1,240,0,0
257000,20,10994,8,5,2005,2006,366,976,868,1844,1844,0,1844,1,2,0,2,7,1,2005,2,620,165,44
239000,20,10991,8,5,2007,2007,80,0,1571,1571,1571,0,1571,0,2,0,3,7,1,2007,3,722,100,36
200000,50,11426,7,5,2003,2003,0,0,1362,1362,1362,720,2082,0,2,1,3,6,0,2003,2,484,280,238
171000,90,11070,7,5,1988,1989,70,0,1907,1907,1959,0,1959,0,3,0,5,9,0,1989,3,766,0,0
285000,60,11999,8,5,2003,2004,340,0,1181,1181,1234,1140,2374,0,2,1,4,10,1,2003,3,656,104,100
193500,60,13000,6,6,1968,1968,576,448,448,896,1182,960,2142,0,2,1,4,8,1,1968,1,509,0,72
144152,160,3180,7,5,2005,2005,0,0,600,600,520,600,1200,0,2,1,2,4,0,2005,2,480,0,166
250000,60,9375,8,5,2003,2004,768,0,1053,1053,1053,939,1992,0,2,1,3,9,1,2003,2,648,140,45
248000,60,11000,8,5,2000,2000,72,0,969,969,997,1288,2285,0,2,1,4,8,1,2000,3,648,0,56
302000,20,115149,7,5,1971,2002,351,1219,424,1643,1824,0,1824,1,2,0,2,5,2,1971,2,739,380,48
326000,20,16033,9,5,2004,2005,378,1261,572,1833,1850,0,1850,1,2,0,3,8,1,2004,3,772,519,112
127500,190,10106,5,7,1940,1999,0,351,112,644,808,547,1355,1,2,0,4,6,0,1980,0,0,140,0
180000,60,11317,7,5,2003,2003,101,0,840,840,840,828,1668,0,2,1,3,8,0,2003,2,500,144,68
89500,50,7920,6,7,1920,1950,0,0,319,319,1035,371,1406,0,1,0,3,6,0,1980,0,0,0,144
190000,20,16492,6,6,1966,2002,0,247,557,1517,1888,0,1888,0,2,1,2,6,1,1966,2,578,0,0
189000,120,4671,8,5,1988,1989,0,767,461,1228,1228,0,1228,1,2,0,2,5,1,1988,2,472,168,120
192000,60,9042,6,5,1998,1998,0,828,115,943,943,695,1638,1,2,1,3,7,2,1998,2,472,100,38
94750,20,10921,4,5,1965,1965,48,520,440,960,960,0,960,1,1,0,3,6,0,1965,1,432,120,0
320000,20,13286,9,5,2007,2008,340,1234,464,1698,1698,0,1698,1,2,0,3,8,1,2007,3,768,327,64
128000,20,9920,5,5,1954,1954,110,354,412,1056,1063,0,1063,1,1,0,3,6,0,1954,1,280,0,0
135000,20,6993,5,7,1961,1994,0,465,447,912,1236,0,1236,0,1,0,3,6,1,1961,1,288,0,0
118964,90,7018,5,5,1979,1979,0,0,0,0,1535,0,1535,0,2,0,4,8,0,1979,2,410,0,0
81000,180,1890,4,7,1972,1972,0,495,135,630,630,0,630,1,1,0,1,3,0,1980,0,0,88,0
88000,160,2217,4,4,1970,1970,0,273,0,546,546,546,1092,0,1,1,3,6,0,1970,1,286,238,0
325000,20,13173,9,5,2006,2007,300,1572,80,1652,1652,0,1652,1,2,0,2,6,2,2006,2,840,404,102
139950,20,7875,5,6,1961,1961,136,572,572,1144,1144,0,1144,1,1,0,3,6,0,1961,2,456,0,0
147000,20,9986,8,5,2006,2007,428,0,1795,1795,1795,0,1795,0,2,0,2,7,1,2007,3,895,0,49
205000,20,13704,7,5,2001,2002,150,0,1541,1541,1541,0,1541,0,2,0,3,6,1,2001,3,843,468,81
127000,80,7910,5,5,1960,1960,0,666,409,1075,1507,0,1507,0,2,0,4,7,0,1960,1,404,0,0
174000,160,2645,8,5,1999,2000,456,0,776,776,764,677,1441,0,2,1,2,5,0,1999,2,492,206,0
191000,20,9382,7,5,1999,2000,125,0,1468,1468,1479,0,1479,0,2,0,3,6,0,1999,2,577,120,25
89500,160,1680,6,3,1971,1971,604,358,125,483,483,504,987,0,1,1,2,5,0,1971,1,264,0,0
113000,30,9340,4,6,1941,1950,0,344,328,672,672,0,672,1,1,0,2,4,0,1941,1,234,0,113
179500,75,8400,5,8,1939,1997,0,378,342,720,1052,720,2192,0,2,1,4,8,1,1939,1,240,262,24
305900,20,10386,8,5,2004,2005,246,1464,536,2000,2000,0,2000,1,2,0,3,8,0,2004,3,888,168,0
155000,20,8536,5,5,2006,2007,0,0,1125,1125,1125,0,1125,0,1,1,2,5,0,2007,2,430,80,64
93000,20,8335,5,5,1954,1954,0,0,0,0,1124,0,1124,0,1,0,3,5,1,1980,0,0,0,36
257500,20,14442,6,7,1957,2004,106,1186,291,1477,1839,0,1839,1,2,0,3,7,2,1957,2,416,0,87
277000,50,159000,6,7,1958,2006,472,697,747,1444,1444,700,2144,0,2,0,4,7,2,1958,2,389,0,98
328000,60,14000,7,5,1996,1997,0,1201,105,1306,1306,954,2260,1,2,1,3,7,0,1996,2,533,296,44
165000,60,9500,6,6,1964,1978,272,442,374,816,1127,850,1977,0,1,1,4,9,1,1964,2,540,0,52
129500,20,7599,4,6,1982,2006,0,565,280,845,845,0,845,1,1,0,2,4,0,1987,2,360,0,0
204750,60,9337,6,5,1997,1997,0,648,176,824,905,881,1786,1,2,1,3,7,0,1997,2,684,0,162
191000,70,11526,6,7,1922,1994,0,0,588,588,1423,748,2555,0,2,0,3,11,1,1993,2,672,431,0
165500,20,10552,5,5,1959,1959,0,1018,380,1398,1700,0,1700,0,1,1,4,6,1,1959,2,447,0,38
173000,60,10852,6,5,2000,2000,0,786,173,959,959,712,1671,1,2,1,3,7,1,2000,2,472,0,38
119500,50,8600,6,6,1937,1950,0,0,780,780,780,596,1376,0,2,0,3,7,1,1937,1,198,0,0
127500,20,9855,6,5,1956,1956,0,0,1436,1436,1689,0,1689,0,1,0,3,7,1,1956,2,480,0,0
159500,70,10800,7,8,1890,1998,0,0,718,718,1576,978,2554,0,1,1,3,8,0,1996,2,704,0,48
153900,50,12665,5,8,1915,1950,0,0,876,876,876,540,1416,0,1,1,4,7,1,1949,3,720,418,0
129900,20,7100,5,7,1957,1957,0,708,108,816,816,0,816,1,1,0,2,5,0,1957,1,308,0,0
152000,20,10400,7,5,1976,1976,189,0,1090,1090,1370,0,1370,0,2,0,3,6,1,1976,2,479,0,0
185000,20,11717,6,6,1970,1970,571,0,1442,1442,1442,0,1442,0,2,0,2,6,1,1970,2,615,371,0
127000,50,8635,5,5,1948,2001,0,336,295,672,1072,213,1285,1,1,0,2,6,0,1948,1,240,0,0
168500,80,8530,7,5,1995,1996,22,0,384,384,804,670,1474,0,2,1,3,7,1,1995,2,400,120,72
269790,60,9920,7,5,1996,1997,0,862,255,1117,1127,886,2013,1,2,1,3,8,1,1997,2,455,180,130
245000,20,10206,8,5,2007,2007,468,33,1530,1563,1563,0,1563,0,2,0,3,6,1,2007,3,758,144,99
256000,20,53227,4,6,1954,1994,0,1116,248,1364,1663,0,1663,1,1,0,2,6,2,1954,2,529,224,137
135000,50,10800,4,4,1949,1950,0,0,720,720,720,472,1192,0,1,1,4,6,0,1980,0,0,0,0
87000,70,9600,4,2,1900,1950,0,0,1095,1095,1095,679,1774,1,2,0,4,8,0,1920,3,779,0,0
239799,60,8760,7,5,2006,2006,0,464,927,1391,1391,571,1962,0,2,1,3,7,0,2006,3,868,0,90
176485,20,8993,7,5,2007,2007,0,0,1302,1302,1302,0,1302,0,2,0,3,6,0,2007,2,436,0,22
116000,50,4400,6,8,1920,1950,0,0,648,648,734,384,1118,0,1,0,2,6,0,1990,2,440,0,0
370878,20,9187,9,5,2009,2009,162,1121,645,1766,1766,0,1766,1,2,1,2,7,1,2009,3,478,195,130
176000,20,7875,7,5,1995,1996,38,0,1237,1237,1253,0,1253,0,2,0,3,6,1,1995,2,402,220,21
152000,20,9672,6,5,1984,1985,0,338,702,1040,1097,0,1097,0,2,0,3,6,0,1986,2,480,0,0
149900,20,12537,5,6,1971,2008,0,734,344,1078,1078,0,1078,1,1,1,3,6,1,1971,2,500,0,0
168000,60,10364,6,5,1995,1996,0,0,806,806,806,766,1572,0,2,1,3,7,1,1995,2,373,0,40
260000,40,23595,7,6,1979,1979,0,1258,74,1332,1332,192,1524,2,0,1,0,4,1,1979,2,586,268,0
214000,60,8755,7,5,1999,1999,298,772,220,992,1022,1038,2060,1,2,1,3,8,1,1999,2,390,0,0
137500,20,14375,6,6,1958,1958,541,111,354,819,1344,0,1344,0,1,0,3,7,1,1958,2,525,0,118
169500,50,7758,7,4,1931,1950,600,224,816,1040,1226,592,1818,0,1,1,4,7,2,1951,1,240,0,0
118500,20,7943,4,5,1961,1961,192,903,126,1029,1029,0,1029,1,1,0,3,5,0,1961,1,261,64,0
151400,160,3964,6,4,1973,1973,0,837,105,942,1291,1230,2521,1,2,1,5,10,1,1973,2,576,728,20
173900,60,8846,6,5,2005,2006,0,0,750,750,750,750,1500,0,2,1,3,6,0,2005,2,564,0,35
268000,20,15865,8,6,1970,1970,0,351,1043,2217,2217,0,2217,1,2,0,4,8,1,1970,2,621,81,207
202500,120,6442,8,5,2006,2006,178,24,1346,1370,1370,0,1370,0,2,0,2,6,1,2006,2,484,120,49
185000,20,7200,6,5,2006,2006,68,905,357,1262,1262,0,1262,0,2,0,2,5,0,2006,2,572,0,120
214900,60,11316,7,5,2002,2003,44,624,193,817,824,1070,1894,1,2,1,4,8,1,2002,2,510,0,40
318000,20,12030,8,5,2007,2007,254,0,1694,1694,1694,0,1694,0,2,0,3,7,0,2007,3,818,168,228
97000,20,10500,4,6,1971,1971,0,524,160,864,864,0,864,0,1,0,2,4,0,1989,2,576,216,0
130000,160,2522,6,5,2004,2006,50,0,970,970,970,739,1709,0,2,0,3,7,0,2004,2,380,0,40
104900,50,12513,4,4,1920,2007,0,0,715,715,1281,457,1738,0,2,0,4,7,1,1920,1,368,55,0
123000,20,10634,5,6,1953,1953,0,428,0,608,1319,0,1319,1,1,0,3,5,0,1953,1,270,66,0
320000,60,12376,7,5,1990,1990,0,1470,203,1673,1699,1523,3222,1,3,0,5,11,2,1990,3,594,367,0
127000,70,6882,6,7,1914,2006,0,0,684,684,773,582,1355,0,1,1,3,7,0,1980,0,0,136,0
76500,30,5350,3,2,1940,1966,0,0,728,728,1306,0,1306,0,1,0,3,6,0,1980,0,0,263,0
133000,85,8445,5,7,1972,2007,0,656,112,768,768,0,768,1,1,0,2,5,0,1988,2,396,58,0
118000,190,7420,5,6,1939,1950,0,851,140,991,1077,0,1077,1,1,0,2,5,2,1939,1,205,0,4
120000,50,6000,3,7,1948,2002,0,331,318,649,679,504,1183,0,1,1,2,6,0,1981,1,308,0,176
179540,60,9018,7,5,2007,2007,0,0,728,728,728,728,1456,0,2,1,3,8,1,2007,2,400,100,24
230000,60,8738,7,5,1999,1999,302,0,975,975,1005,1286,2291,0,2,1,4,8,1,1999,2,429,192,0
140000,120,4435,6,5,2003,2003,170,685,163,848,848,0,848,1,1,0,1,4,0,2003,2,420,140,0
426000,60,12474,10,5,2007,2008,272,1280,402,1682,1742,590,2332,1,2,1,3,9,1,2008,3,846,196,134
117000,50,6000,5,8,1925,1997,0,0,884,884,884,464,1348,1,1,0,3,5,1,1960,1,216,0,0
235000,70,13728,6,7,1935,1986,0,626,501,1127,1236,872,2108,0,2,0,4,7,2,1935,2,540,0,0
108000,50,11040,4,6,1920,1950,0,637,0,637,897,439,1336,0,1,1,3,7,0,1994,1,570,0,47
160000,60,63887,10,5,2008,2008,796,5644,466,6110,4692,950,5642,2,2,1,3,12,3,2008,2,1418,214,292
144000,20,9503,5,5,1958,1983,0,457,193,1024,1344,0,1344,1,1,0,2,6,1,1970,1,484,316,28
263435,60,8004,8,5,2009,2009,110,544,288,832,832,1103,1935,1,2,1,3,8,0,2009,2,552,0,150
135000,50,8172,4,6,1954,1972,0,0,941,941,997,473,1470,0,2,0,4,7,0,1958,1,548,0,0
262500,20,20781,7,7,1968,2003,0,297,1203,1568,2156,0,2156,0,2,0,3,9,1,1968,2,508,0,80
125000,90,9100,5,5,1963,1963,336,1332,396,1728,1728,0,1728,1,2,0,6,10,0,1963,2,504,0,0
226700,60,9803,7,5,2005,2005,0,400,466,866,866,902,1768,0,2,1,3,7,0,2005,2,603,0,108
135000,20,10152,5,5,1956,1956,120,586,462,1048,1048,0,1048,1,1,0,3,6,0,1956,1,286,0,20
190000,60,9313,7,5,2004,2004,0,0,864,864,864,864,1728,0,2,1,3,7,0,2004,2,572,187,56
122000,70,5250,8,5,1872,1987,0,259,425,684,938,1215,2358,0,2,0,4,8,0,1980,0,0,0,54
187500,80,9590,7,5,2003,2003,442,786,82,868,1146,0,1146,1,2,0,3,6,1,2003,2,438,160,22
272000,20,11423,8,5,2001,2002,479,1358,223,1581,1601,0,1601,1,2,0,3,6,1,2001,2,670,180,0
172500,50,13650,5,5,1958,1958,0,57,554,1052,1252,668,1920,1,2,0,4,8,1,1958,2,451,0,0
125500,70,7740,4,7,1910,1950,0,0,622,622,741,622,1363,0,1,0,3,6,0,1966,2,528,0,0
123500,20,6420,5,7,1952,1952,0,210,219,980,1148,0,1148,0,1,0,2,6,0,1952,1,308,0,0
193879,20,6762,7,5,2006,2006,0,0,1286,1286,1294,0,1294,0,2,0,2,6,1,2006,2,662,168,55
87000,50,9439,5,5,1930,1950,0,324,588,912,912,336,1248,0,1,0,2,6,0,1957,1,160,0,0
184100,80,7750,8,5,2002,2002,0,353,55,408,779,640,1419,1,2,1,3,7,1,2002,2,527,120,0
182900,20,12546,6,7,1981,1981,310,678,762,1440,1440,0,1440,0,2,0,3,7,1,1981,2,467,0,0
84500,20,17217,5,5,2006,2006,0,0,1140,1140,1140,0,1140,0,1,0,3,6,0,1980,0,0,36,56
200000,60,10382,7,6,1973,1973,240,859,216,1107,1107,983,2090,1,2,1,3,7,2,1973,2,484,235,204
183000,60,7226,7,5,2003,2003,0,0,798,798,798,842,1640,0,2,1,3,6,0,2003,2,595,0,45
193500,20,8125,6,5,1994,1998,258,1138,270,1408,1679,0,1679,1,2,0,3,7,1,1994,2,575,224,42
131000,50,6000,6,6,1941,1950,0,375,360,735,869,349,1218,0,1,0,3,6,1,2003,2,440,0,0
134000,120,4224,5,5,1976,1976,0,874,268,1142,1142,0,1142,1,1,1,3,6,1,1976,2,528,536,90
165500,85,9101,5,6,1978,1978,104,1097,0,1097,1110,0,1110,1,1,0,1,4,1,1978,2,602,303,30
125000,190,10880,5,5,1950,1950,0,1040,124,1164,1164,0,1164,1,1,0,3,5,0,1950,1,240,0,48
78000,70,6402,5,5,1920,1950,0,0,596,596,596,596,1192,0,1,0,3,6,0,1920,1,189,0,0
179600,20,8500,7,5,2004,2004,106,0,1422,1422,1422,0,1422,0,2,0,3,7,0,2004,2,626,192,60
130000,20,9764,5,7,1967,2003,0,702,192,894,894,0,894,1,1,0,3,5,0,1967,2,450,0,0
252000,60,10574,8,5,2005,2006,0,0,1082,1082,1082,871,1953,0,2,1,3,9,1,2005,3,1043,160,50
231500,60,12435,7,5,2001,2001,172,361,602,963,963,829,1792,0,2,1,3,7,1,2001,2,564,0,96
80000,190,12180,4,4,1941,1950,0,348,324,672,672,252,924,1,1,0,2,5,0,1941,1,280,0,0
125000,120,7175,6,5,1984,1984,0,623,0,744,752,0,752,1,1,0,2,4,0,1984,1,264,353,0
219500,70,13125,7,6,1940,1984,0,410,390,800,960,780,1740,0,1,1,3,6,2,1940,1,240,0,0
178000,60,9636,6,5,1992,1993,0,0,808,808,808,785,1593,0,2,1,3,7,1,1993,2,389,342,40
166000,50,8520,5,4,1952,1952,0,507,403,910,910,475,1385,0,2,0,4,6,0,2000,2,720,0,0
176000,20,7500,7,5,2005,2005,0,0,1257,1257,1266,0,1266,0,2,0,3,6,1,2005,2,453,38,144
274725,60,23257,7,5,2006,2006,0,0,868,868,887,1134,2021,0,2,1,3,9,1,2006,2,422,0,100
167900,20,9650,6,5,1977,1977,360,686,664,1350,1334,0,1334,0,2,0,2,6,1,1977,2,630,0,16
160000,160,2160,7,5,1999,2000,212,510,90,600,624,628,1252,1,2,1,2,4,0,1999,2,462,0,48
136000,50,8520,6,7,1916,1950,0,168,0,714,1664,862,2526,0,2,0,5,10,1,1916,1,216,88,15
555000,20,15431,10,5,2008,2008,200,1767,788,3094,2402,0,2402,1,2,0,2,10,2,2008,3,672,0,72
128000,70,6155,6,8,1920,1999,0,0,611,611,751,611,1362,0,2,0,3,6,0,1920,2,502,0,0
625000,60,35760,10,5,1995,1996,1378,1387,543,1930,1831,1796,3627,1,3,1,4,10,1,1995,3,807,361,76
290000,60,9950,7,5,1995,1995,290,565,638,1203,1214,1306,2520,0,2,1,4,9,1,1995,3,721,224,114
82000,20,10206,3,3,1952,1952,0,0,0,0,944,0,944,0,1,0,2,4,0,1956,2,528,0,0
125000,20,8521,5,5,1967,1967,0,842,70,912,912,0,912,0,1,0,3,5,1,1974,1,336,0,0
186500,60,8125,7,5,2005,2006,0,0,756,756,756,797,1553,0,2,1,3,6,0,2005,2,615,0,45
111000,20,10215,4,5,1954,1954,132,492,372,864,948,0,948,0,1,0,3,5,0,1954,1,248,0,0
252678,60,8640,7,5,2009,2009,0,822,78,900,932,920,1852,1,2,1,3,7,1,2009,2,644,168,108
110000,50,10440,5,6,1910,1981,0,0,440,440,682,548,1230,0,1,1,2,5,0,1966,2,440,74,0
141000,20,7500,7,5,2004,2005,120,680,400,1080,1080,0,1080,1,1,0,3,6,0,1980,0,0,0,0
116000,50,8248,5,7,1918,1950,0,0,686,686,686,564,1250,0,1,1,3,7,0,1955,1,280,207,0
167900,60,9760,6,6,1964,1964,360,674,0,780,798,813,1611,1,1,1,4,7,0,1964,2,442,328,128
236000,60,9938,7,5,1993,1994,246,750,300,1050,1062,887,1949,1,2,1,3,8,1,1993,2,574,156,90
103600,70,6629,6,6,1925,1950,0,551,121,672,697,672,1369,1,2,0,3,6,0,1930,1,300,147,0
163900,80,9125,7,5,1992,1992,170,0,384,384,812,670,1482,0,2,1,3,7,1,1992,2,392,100,25
113000,45,6380,5,6,1922,1950,0,0,993,993,1048,0,1048,0,1,0,2,5,1,1922,1,280,0,0
250580,20,8640,7,5,2007,2008,0,0,1372,1372,1372,0,1372,0,2,0,3,6,0,2008,2,529,0,140
220000,20,6853,8,5,2001,2002,136,1005,262,1267,1296,0,1296,1,2,0,2,6,0,2001,2,471,192,25
126000,20,8775,5,5,1994,1994,0,495,495,990,990,0,990,0,1,0,3,5,0,1996,1,299,0,64
139500,50,9900,6,7,1940,1950,0,0,778,778,944,545,1489,0,2,0,3,7,1,1940,1,240,335,0
280000,60,14154,7,5,2006,2006,350,0,1063,1063,1071,1101,2172,0,2,1,3,9,1,2006,3,947,192,62
159895,20,3182,7,5,2007,2007,16,0,1266,1266,1266,0,1266,0,2,0,2,6,1,2007,2,388,100,16
208300,20,7862,6,5,2009,2009,0,27,1191,1218,1218,0,1218,0,2,0,2,4,0,2009,2,676,0,102
124000,20,8280,6,5,1950,1950,0,0,932,932,932,0,932,0,1,0,2,4,1,1950,1,306,0,0
147000,160,2308,6,5,1974,1974,0,257,103,855,855,467,1322,0,2,1,3,6,1,1974,2,440,260,0
117000,50,5310,6,8,1910,2003,0,0,485,485,1001,634,1635,0,1,0,2,5,0,1950,1,255,394,0
157500,20,17600,6,5,1960,1960,30,1270,208,1478,1478,0,1478,1,2,0,3,6,2,1960,2,498,0,40
81000,50,8410,5,3,1910,1996,0,0,658,658,658,526,1184,0,1,0,5,8,0,1980,0,0,0,151
208500,60,8450,7,5,2003,2003,196,706,150,856,856,854,1710,1,2,1,3,8,0,2003,2,548,0,61
156000,85,7540,6,6,1978,1978,0,773,115,888,912,0,912,1,1,0,2,5,1,1978,2,470,0,0
185000,60,28698,5,5,1967,1967,0,249,0,1013,1160,966,2126,0,2,1,3,7,0,1967,2,538,486,0
167500,80,9735,5,5,2006,2007,0,0,384,384,754,640,1394,0,2,1,3,7,0,2007,2,400,100,0
132500,20,8480,5,6,1963,1963,0,630,340,970,970,0,970,1,1,0,2,5,0,1996,2,624,0,24
169900,80,12328,6,5,1976,1976,335,539,473,1012,1034,0,1034,1,1,0,3,6,0,1976,3,888,0,0
196500,60,11645,7,5,2004,2004,0,0,860,860,860,860,1720,0,2,1,3,7,0,2004,2,565,0,70
93000,190,6000,5,4,1954,1954,0,0,811,811,811,576,1387,0,2,0,3,7,0,1954,1,256,0,0
177000,80,11512,6,7,1959,2006,84,719,300,1019,1357,0,1357,1,1,0,2,5,1,1959,1,312,0,0
167500,20,9300,5,5,1960,1960,324,697,571,1268,1264,0,1264,1,1,0,3,6,2,1960,2,461,0,0
174000,60,12589,6,5,2005,2005,0,0,742,742,742,742,1484,0,2,1,3,8,1,2005,2,390,36,24
239000,160,5306,7,7,1987,1987,0,495,354,1064,1064,703,1767,1,2,0,2,5,1,1987,2,504,441,35
110000,30,5684,6,8,1930,2005,0,0,813,813,813,0,813,0,1,0,2,5,0,1932,1,270,0,113
84500,190,6780,6,8,1935,1982,0,490,30,520,520,0,754,1,1,0,2,5,0,1980,0,0,53,0
242000,20,27650,7,7,1960,2007,0,425,160,585,2069,0,2069,1,2,0,4,9,1,1960,2,505,0,0
175000,80,10200,6,5,1988,1989,219,783,678,1461,1509,0,1509,1,2,0,3,5,1,1988,2,600,224,0
174000,60,8125,6,5,1994,1995,0,0,702,702,702,779,1481,0,2,1,3,6,1,1994,2,343,0,36
129000,190,9873,4,5,1970,1970,160,789,171,960,960,0,960,1,1,0,3,6,0,1970,2,576,0,288
109900,20,7200,4,5,1950,1950,0,0,0,0,1040,0,1040,0,1,0,2,4,0,1950,2,420,0,29
90000,90,7200,4,5,1949,1950,0,0,0,0,1040,0,1040,0,2,0,2,6,0,1956,2,420,0,0
200100,70,7588,7,6,1920,1950,0,352,441,793,901,901,1802,0,1,1,4,9,1,1920,1,216,0,0
303477,60,9000,8,5,2007,2007,0,64,1120,1184,1184,1426,2610,0,2,1,4,11,1,2007,2,550,208,364
149900,20,17755,5,4,1959,1959,132,176,1290,1466,1466,0,1466,0,1,1,3,6,2,1959,2,528,0,140
139000,50,10800,5,6,1915,1950,0,686,0,686,966,686,1652,1,2,0,4,7,0,1961,1,416,0,0
228000,60,11228,7,5,1993,1993,0,50,499,1080,1080,1017,2097,0,2,1,3,9,1,1993,3,678,196,187
235000,120,4750,8,5,2006,2007,481,1573,0,1573,1625,0,1625,1,2,0,2,5,1,2006,2,538,123,0
225000,50,15593,7,4,1953,1953,0,603,701,1304,1304,983,2287,0,2,0,3,7,1,1953,2,667,0,21
582933,60,13891,9,5,2008,2009,424,0,1734,1734,1734,1088,2822,0,3,1,4,12,1,2009,3,1020,52,170
244000,60,12224,6,5,2000,2000,40,695,297,992,1022,1032,2054,1,2,1,3,7,1,2000,2,390,24,48
157000,190,15750,5,5,1953,1953,56,841,324,1165,1336,0,1336,1,1,0,2,5,2,1953,1,375,0,0
110000,20,9450,4,5,1954,1954,0,552,342,894,894,0,894,0,1,0,3,5,0,1999,2,400,0,0
324000,120,10846,8,5,1993,1993,0,1619,100,1719,1719,0,1719,2,1,1,1,6,2,1993,2,473,122,30
271000,60,10944,7,5,1994,1994,448,1000,223,1223,1223,904,2127,1,2,1,3,5,2,1994,2,525,171,132
160000,20,8800,6,6,1964,1964,425,553,698,1251,1251,0,1251,1,1,0,3,6,2,1964,1,461,0,116
120000,20,7535,5,7,1958,1985,0,111,522,912,912,0,912,0,1,0,2,5,0,1958,1,297,12,285
37900,50,5925,3,6,1910,1950,0,0,600,600,600,368,968,0,1,0,2,6,0,1980,0,0,0,0
237000,60,9548,7,6,2003,2003,223,483,458,941,941,888,1829,1,2,1,3,7,1,2003,2,613,192,39
190000,60,18800,6,5,1976,1976,120,712,84,796,790,784,1574,1,2,1,3,6,1,1976,2,566,306,111
34900,30,7879,4,5,1920,1950,0,495,225,720,720,0,720,0,1,0,2,4,0,1980,0,0,0,523
315000,20,16737,9,5,2004,2005,66,1447,533,1980,1980,0,1980,1,2,0,3,8,1,2004,3,770,194,45
202500,20,14145,7,7,1984,1998,0,213,995,1208,1621,0,1621,1,2,0,3,8,0,1984,2,440,108,45
215000,20,16635,6,7,1977,2000,126,1246,356,1602,1602,0,1602,0,2,0,3,8,1,1977,2,529,240,0
152000,40,5400,6,7,1926,2004,0,370,779,1149,1149,467,1616,0,2,0,3,5,0,1926,1,216,0,0
207500,20,16321,5,6,1957,1997,0,1277,207,1484,1600,0,1600,1,1,0,2,6,2,1957,1,319,288,258
158000,80,10448,6,6,1972,1972,333,0,689,689,1378,741,2119,0,2,1,3,7,1,1972,2,583,0,104
130000,160,2522,7,5,2004,2004,50,0,970,970,970,739,1709,0,2,0,3,7,0,2004,2,380,0,40
244000,20,11160,7,5,1968,1968,0,1065,1045,2110,2110,0,2110,1,2,1,3,8,2,1968,2,522,0,0
79000,30,4270,3,6,1931,2006,0,544,0,544,774,0,774,0,1,0,3,6,0,1980,0,0,0,0
55000,30,3636,4,4,1922,1950,0,0,796,796,796,0,796,0,1,0,2,5,0,1980,0,0,0,0
228000,20,16669,8,6,1981,1981,653,0,1686,1686,1707,0,1707,0,2,1,2,6,1,1981,2,511,574,64
325624,60,10562,8,5,2007,2007,300,1288,294,1582,1610,551,2161,1,1,1,3,8,1,2007,3,789,178,120
191000,60,8750,7,5,1996,1996,0,0,880,880,909,807,1716,0,2,1,2,7,1,1996,2,512,0,120
163000,20,10197,6,5,1961,1961,491,288,700,1362,1362,0,1362,1,1,1,3,6,1,1961,2,504,0,20
211000,60,9531,6,5,1998,1998,0,706,88,794,882,914,1796,1,2,1,3,7,0,1998,2,546,0,36
392500,120,5587,8,5,2008,2008,186,1480,120,1600,1652,0,1652,1,2,0,2,5,1,2008,2,482,162,53
143000,70,9000,7,9,1920,1988,0,624,26,650,832,650,1482,0,1,0,3,7,0,1930,2,324,0,0
88000,30,6120,5,7,1925,1950,0,489,279,768,1015,0,1015,0,1,0,3,6,0,1925,1,450,0,0
133000,50,9490,6,7,1941,1950,0,403,238,806,958,620,1578,1,1,0,3,5,2,1941,1,240,0,0
144900,20,10200,5,7,1954,2003,104,320,404,1086,1086,0,1086,1,1,0,3,6,0,1989,2,490,0,0
91500,160,1680,6,5,1971,1971,236,0,672,672,672,546,1218,0,1,1,3,7,0,1980,0,0,201,0
137000,85,8740,5,6,1982,1982,0,672,168,840,860,0,860,1,1,0,2,4,0,1996,2,528,0,0
96500,50,8800,4,7,1910,2004,0,0,576,576,792,348,1140,0,1,0,3,7,0,1980,0,0,0,160
149000,70,7200,7,6,1931,2000,0,0,776,776,851,651,1502,0,1,1,3,6,1,1931,1,270,0,0
174900,80,9020,6,7,1966,1966,183,312,276,1127,1165,0,1165,1,1,1,3,6,0,1966,2,490,0,129
216500,60,7851,6,5,2002,2002,0,625,235,860,860,1100,1960,1,2,1,4,8,2,2002,2,440,288,48
222500,60,11404,7,5,1998,1999,202,252,901,1153,1153,878,2031,0,2,1,3,8,1,1998,2,541,192,84
161750,60,10900,6,7,1977,1977,153,378,311,689,689,703,1392,0,1,1,3,6,0,1977,1,299,0,36
220000,20,12182,7,5,2005,2005,226,1201,340,1541,1541,0,1541,0,2,0,3,7,1,2005,2,532,0,70
150750,20,7388,5,6,1959,2002,0,405,658,1063,1327,0,1327,1,1,0,3,7,0,1974,2,624,0,0
128000,50,6000,4,6,1936,1950,0,672,0,672,757,567,1324,0,1,0,3,6,0,1936,1,240,0,0
179900,60,11475,6,6,1975,1975,0,550,163,713,811,741,1552,1,2,1,3,6,1,1975,2,434,209,208
302000,60,9572,8,5,1990,1990,336,482,971,1453,1453,1357,2810,0,2,1,4,9,1,1990,2,750,500,0
475000,75,22950,10,9,1892,1993,0,0,1107,1107,1518,1518,3608,0,2,1,4,12,2,1993,3,840,0,260
170000,20,16905,5,6,1959,1959,0,967,383,1350,1328,0,1328,0,1,1,2,5,2,1959,1,308,0,104
335000,60,26178,7,5,1989,1990,293,965,245,1210,1238,1281,2519,1,2,1,4,9,2,1989,2,628,320,27
115000,50,8500,5,7,1919,2005,0,0,793,793,997,520,1517,0,2,0,3,7,0,1980,0,0,0,0
109000,20,7922,5,7,1953,2007,0,731,326,1057,1057,0,1057,1,1,0,3,5,0,1953,1,246,0,52
316600,50,12327,8,8,1983,2009,0,1441,55,1496,1496,636,2132,1,1,1,1,5,1,1983,2,612,349,40
270000,20,14536,8,5,2002,2003,236,1300,316,1616,1629,0,1629,1,2,0,3,9,1,2002,3,808,0,252
142000,20,12160,5,5,1959,1959,180,1000,188,1188,1188,0,1188,1,1,0,3,6,0,1959,2,531,0,0
282922,20,15256,8,5,2007,2007,84,929,556,1485,1464,0,1464,1,2,0,3,6,0,2007,3,754,168,160
164000,120,4500,6,5,1998,1998,116,897,319,1216,1216,0,1216,1,2,0,2,5,0,1998,2,402,0,125
250000,20,11428,8,5,2006,2006,248,0,1626,1626,1634,0,1634,0,2,0,3,7,1,2006,3,866,0,44
122900,50,8064,5,7,1949,2006,0,0,672,672,672,252,924,0,1,0,3,6,1,2003,2,576,0,0
154000,20,8246,5,8,1968,2001,0,188,204,1060,1060,0,1060,1,1,0,3,6,1,1968,1,270,406,90
155000,160,2308,6,6,1976,1976,0,556,248,804,804,744,1548,1,2,1,3,7,1,1976,2,440,48,0
60000,30,8400,2,5,1920,1950,0,290,0,290,438,0,438,0,1,0,1,3,0,1930,1,246,0,0
80000,30,4608,4,6,1945,1950,0,0,747,747,747,0,747,0,1,0,2,4,0,1945,1,220,0,0
100000,20,7150,5,5,1967,1967,60,432,460,892,892,0,892,0,1,0,3,5,0,1967,1,288,0,0
132500,90,7728,5,6,1962,1962,120,803,303,1106,1190,0,1190,1,1,0,3,6,0,1962,2,540,0,18
159000,20,9500,6,5,1963,1963,247,609,785,1394,1394,0,1394,1,1,1,3,6,2,1963,2,514,0,76
124500,90,7596,5,5,1952,1952,360,0,960,960,960,1000,1960,0,2,0,4,10,0,1952,2,400,0,0
131500,120,4435,6,5,2003,2003,170,659,189,848,848,0,848,1,1,0,1,3,0,2003,2,420,140,0
180000,20,8049,7,5,1990,1990,54,1053,256,1309,1339,0,1339,1,2,0,2,6,1,1990,2,484,0,58
76000,45,9000,6,3,1928,1950,0,0,784,784,784,0,784,0,1,0,2,5,0,1950,2,360,0,0
108000,20,8978,5,5,1968,1968,0,0,948,948,948,0,948,0,1,0,3,6,0,1968,1,300,147,0
157000,20,10000,5,6,1973,2000,0,1084,92,1176,1178,0,1178,0,1,1,3,5,1,1973,2,439,224,0
225000,60,10762,7,5,1999,1999,344,694,284,978,1005,978,1983,0,2,1,3,9,1,1999,2,490,0,0
188000,90,9297,5,5,1976,1976,0,1606,122,1728,1728,0,1728,2,2,0,4,8,0,1976,2,560,0,0
73000,30,5232,5,5,1925,2004,0,0,680,680,764,0,764,0,1,0,2,4,0,1965,2,504,0,0
91000,180,1596,4,5,1973,1973,0,462,0,462,526,462,988,1,1,0,2,5,0,1973,1,297,120,101
173733,160,3000,6,5,2009,2009,76,294,318,612,612,612,1224,0,2,1,2,4,0,2009,2,528,0,234
94500,160,1680,6,5,1972,1972,297,0,483,483,483,504,987,0,1,1,2,5,1,1972,1,288,0,0
210000,60,8750,7,5,1994,1995,0,642,273,915,933,975,1908,1,2,1,4,8,1,1994,2,493,144,133
129000,20,9571,5,6,1956,1956,0,739,405,1144,1144,0,1144,1,1,0,3,6,0,1956,1,596,44,0
148000,80,10395,6,6,1978,1978,233,605,427,1032,1032,0,1032,0,2,0,3,6,1,1978,2,564,0,0
211000,60,10029,6,5,1988,1989,268,831,320,1151,1164,896,2060,0,2,1,4,8,1,1988,2,521,0,228
159000,20,13695,5,5,2004,2004,0,646,468,1114,1114,0,1114,1,1,1,3,6,0,2004,2,576,0,102
197900,80,17871,6,5,1967,1976,359,528,1152,1680,1724,0,1724,1,1,1,3,7,1,1967,2,480,0,0
118000,160,1680,6,7,1972,1972,281,317,355,672,672,546,1218,0,1,1,3,7,0,1972,1,264,0,28
82000,20,8400,4,4,1950,1950,0,0,721,721,841,0,841,0,1,0,2,4,0,1950,1,294,250,0
170000,120,3696,8,5,1986,1986,0,0,1074,1074,1088,0,1088,0,1,1,2,5,0,1987,2,461,0,74
136500,20,7000,5,8,1978,2005,90,646,218,864,864,0,864,1,1,0,3,6,0,1978,1,336,0,0
319000,20,11302,8,5,2005,2006,238,1422,392,1814,1826,0,1826,1,2,0,3,7,1,2005,3,758,180,75
101000,75,7200,5,7,1920,1996,0,0,530,530,581,530,1111,0,1,0,3,6,0,1935,1,288,0,0
147000,20,8872,5,8,1965,2008,300,595,317,912,912,0,912,1,1,0,2,5,0,1992,2,576,0,240
290000,60,11764,8,7,1999,2007,348,524,628,1152,1164,1106,2270,0,2,1,4,9,1,1999,3,671,132,57
119500,20,6951,5,5,1984,1985,0,658,218,876,923,0,923,1,1,0,3,5,0,1984,1,264,362,0
116000,20,8892,5,7,1953,1996,0,0,105,105,910,0,910,0,1,0,3,5,0,1953,2,414,196,0
92900,90,8544,3,4,1950,1950,0,0,0,0,1040,0,1040,0,2,0,2,6,0,1987,2,400,0,0
105000,50,5400,4,6,1920,1950,0,315,420,840,840,534,1374,0,1,0,2,6,0,1967,1,338,0,0
415298,20,14450,9,5,2006,2007,315,0,2121,2121,2121,0,2121,0,2,1,3,8,1,2007,3,732,124,98
215000,60,11796,7,5,2004,2005,0,0,847,847,847,1112,1959,0,2,1,4,8,1,2004,2,434,100,48
141500,50,6120,5,6,1936,1950,0,0,927,927,1067,472,1539,0,1,1,3,5,0,1995,2,576,112,0
132000,20,7800,5,6,1954,1954,200,540,728,1268,1268,0,1268,0,1,0,2,7,1,1954,1,244,0,98
108500,30,6000,4,4,1920,1950,0,250,710,960,960,0,960,0,1,0,2,5,0,1997,1,308,0,0
145000,20,10859,5,5,1994,1995,0,0,1097,1097,1097,0,1097,0,1,1,3,6,0,1995,2,672,392,64
163000,75,10800,7,7,1914,1970,0,390,490,880,880,888,1768,0,1,1,2,6,2,1914,2,320,0,341
140000,50,9600,6,8,1950,2005,0,120,736,856,1112,556,1668,0,1,1,3,6,0,1950,1,271,0,0
110000,20,13560,6,3,1968,1968,216,0,1392,1392,1392,0,1392,1,1,0,2,5,2,1968,2,576,0,0
132500,50,6000,6,6,1939,1950,0,0,780,780,825,587,1412,0,1,0,4,6,1,1939,1,280,45,0
295493,20,10226,8,5,2008,2008,270,0,1622,1622,1630,0,1630,1,2,0,3,8,1,2008,3,860,172,42
199900,120,4274,7,5,2006,2007,0,1106,135,1241,1241,0,1241,1,1,1,1,4,0,2007,2,569,0,116
129500,85,7244,5,7,1970,1970,0,619,149,768,768,0,768,1,1,0,2,5,0,1987,2,624,104,0
224000,20,14778,6,7,1954,2006,72,728,568,1296,1640,0,1640,1,1,0,3,7,1,1993,2,924,108,0
392000,20,8089,8,6,2007,2007,0,945,474,1419,1419,0,1419,1,2,0,2,7,1,2007,2,567,140,0
179000,90,10800,5,5,1987,1988,0,1200,0,1200,1200,0,1200,3,3,0,3,5,0,1980,0,0,120,0
184000,60,7472,7,9,1972,2004,138,626,99,725,725,754,1479,1,1,1,4,7,0,1972,2,484,0,32
176500,20,11029,6,8,1958,2002,0,528,245,1184,1414,0,1414,1,1,0,3,6,1,1990,2,601,0,51
98000,70,4571,5,5,1916,1950,0,0,624,624,624,720,1344,0,1,0,4,7,0,1916,3,513,0,0
169000,60,14762,5,6,1948,1950,0,0,0,0,1547,720,2320,0,2,0,2,7,1,1979,2,672,120,144
100000,30,7446,4,5,1941,1950,0,266,522,788,788,0,788,0,1,0,2,4,2,1980,0,0,0,0
148500,160,2289,6,6,1978,1978,0,311,544,855,855,586,1441,0,2,1,3,7,1,1978,2,440,28,0
127500,20,9100,6,6,1959,1959,0,612,252,864,864,0,864,0,1,0,2,5,0,2008,1,300,0,0
120500,20,9000,4,6,1971,1971,0,616,248,864,864,0,864,0,1,0,3,5,0,1974,2,528,0,0
110000,90,11475,5,5,1958,1958,95,0,1584,1584,1776,0,1776,1,2,0,4,9,0,1968,3,888,0,25
142000,20,8450,5,6,1968,1968,0,775,281,1056,1056,0,1056,1,1,0,3,6,1,1968,1,304,0,85
61000,30,10020,1,1,1922,1950,0,350,333,683,904,0,904,1,0,1,1,4,0,1980,0,0,0,0
222000,20,4403,7,5,2009,2009,432,578,892,1470,1478,0,1478,1,2,1,2,7,1,2009,2,484,0,144
107400,50,5790,3,6,1915,1950,0,0,840,840,840,765,1605,0,2,0,3,8,0,1915,1,379,0,0
193000,60,9179,7,5,1999,1999,158,633,240,873,882,908,1790,1,2,1,3,7,0,1999,2,588,0,88
197500,60,10304,5,7,1976,1976,44,381,399,780,1088,780,1868,1,2,1,4,9,1,1976,2,484,448,96
113000,160,1890,6,5,1973,1973,285,356,316,672,672,546,1218,0,1,1,3,7,0,1973,1,264,144,28
385000,20,14803,10,5,2007,2008,816,1636,442,2078,2084,0,2084,1,2,0,2,7,1,2007,3,1220,188,45
148500,160,2280,6,6,1976,1976,0,566,289,855,855,601,1456,0,2,1,3,7,1,1976,2,440,87,0
147500,20,9937,5,6,1965,1965,0,830,136,1256,1256,0,1256,1,1,1,3,6,0,1965,1,276,736,68
183200,60,7861,6,5,2002,2003,0,457,326,783,807,702,1509,1,2,1,3,7,1,2002,2,393,100,75
259500,70,7259,6,8,1945,2002,0,774,104,1028,1436,884,2320,1,2,1,3,9,1,1945,1,180,224,0
239000,70,22420,6,6,1918,1950,0,1128,242,1370,1370,1254,2624,1,2,1,4,10,1,1918,3,864,0,0
141000,50,9000,6,6,1937,1950,0,0,780,780,780,595,1375,0,1,1,3,6,1,1979,1,544,0,162
140000,190,10382,6,5,1958,1958,105,513,75,588,1095,0,1095,1,1,0,2,6,0,1958,1,264,0,0
145900,90,8777,5,7,1900,2003,0,1084,188,1272,1272,928,2200,2,2,2,4,9,0,1980,0,0,0,70
221000,20,12803,7,5,2002,2002,99,922,572,1494,1494,0,1494,1,2,0,3,6,1,2002,2,530,192,36
112000,50,11767,4,7,1910,2000,0,0,560,560,796,550,1346,0,1,1,2,6,0,1950,1,384,168,24
123600,20,8070,4,5,1994,1995,0,588,402,990,990,0,990,1,1,0,3,5,0,1980,0,0,0,0
240000,50,45600,6,8,1908,1997,0,0,907,907,1307,1051,2358,0,3,0,5,10,1,1908,2,360,486,40
117000,20,5400,5,7,1954,2000,0,415,418,833,833,0,833,0,1,0,2,4,0,1955,1,326,0,0
281213,60,12665,8,5,2005,2006,245,0,1094,1094,1133,1349,2482,0,2,1,4,9,1,2005,3,642,144,39
275500,60,10240,8,5,2005,2005,178,0,1030,1030,1038,1060,2098,0,2,1,3,8,1,2005,3,878,192,52
130000,20,7800,5,7,1967,2004,89,450,414,864,899,0,899,0,1,0,3,5,0,1967,1,288,64,0
345000,60,11924,9,5,2005,2006,286,998,177,1175,1182,1142,2324,1,3,0,4,11,2,2005,3,736,147,21
123000,20,7200,5,5,1972,1972,0,777,117,894,894,0,894,0,1,0,2,6,0,1985,2,600,215,0
179200,120,8012,6,5,1992,1992,0,430,1145,1575,1575,0,1575,1,2,0,2,5,0,1992,2,529,0,0
141000,120,4426,6,5,2004,2004,147,697,151,848,848,0,848,1,1,0,1,3,1,2004,2,420,149,0
144000,75,8850,7,6,1916,1950,0,0,815,815,815,875,1690,0,1,0,3,7,1,1916,1,225,0,0
127000,160,2665,5,6,1977,1977,0,548,36,757,925,550,1475,0,2,0,4,6,1,1977,1,336,104,26
194700,120,7577,6,5,2005,2006,256,20,1342,1362,1362,0,1362,0,2,0,2,6,1,2005,2,460,192,28
215000,120,3196,8,5,2003,2003,40,0,1273,1273,1456,0,1456,0,2,0,2,7,1,2003,2,400,143,20
320000,60,19378,7,5,2005,2006,456,57,1335,1392,1392,1070,2462,1,2,1,4,9,1,2006,2,576,239,132
140000,60,7056,6,5,1963,1963,415,400,380,780,983,813,1796,1,1,1,4,8,1,1963,2,483,0,50
125000,50,9600,5,8,1925,1994,0,0,702,702,842,630,1472,0,1,0,3,6,0,1925,1,250,0,0
220000,20,8814,7,5,2006,2006,180,1334,270,1604,1604,0,1604,1,2,1,3,8,1,2006,2,660,123,110
228950,190,164660,5,6,1965,1965,0,1249,103,1499,1619,167,1786,2,2,0,3,7,2,1965,2,529,670,0
165500,80,9600,6,6,1955,1996,0,831,161,992,1661,0,1661,1,1,0,3,8,1,1955,1,377,0,28
80000,180,1477,4,4,1970,1970,0,509,121,630,630,0,630,1,1,0,1,3,0,1970,1,286,0,0
402861,20,12220,10,5,2009,2009,305,1436,570,2006,2020,0,2020,1,2,1,3,9,1,2009,3,900,156,54
227000,60,8400,8,6,2001,2001,0,643,167,810,810,855,1665,1,2,1,3,6,0,2001,2,528,0,45
216837,20,9100,7,5,2004,2005,0,24,1836,1860,1836,0,1836,0,2,0,3,8,1,2004,2,484,120,33
107500,70,6600,5,4,1892,1965,0,0,994,994,1378,994,2372,0,2,0,4,11,0,1985,1,432,0,287
100000,30,6911,5,5,1924,1950,0,405,740,1145,1301,0,1301,0,1,0,2,5,0,1965,2,440,0,0
194000,20,8556,7,5,2006,2006,0,0,1240,1240,1240,0,1240,0,2,0,2,5,0,2006,3,826,140,93
150000,20,11988,6,6,1957,1957,0,777,467,1244,1244,0,1244,0,1,1,3,6,2,1957,1,336,0,40
230000,20,9742,8,5,2002,2002,281,0,1777,1777,1795,0,1795,0,2,0,3,7,1,2002,2,534,171,159
173000,20,9248,6,6,1992,1992,106,560,598,1158,1167,0,1167,1,2,0,3,6,0,1992,2,400,120,26
287090,20,9262,8,5,2008,2009,194,0,1573,1573,1578,0,1578,0,2,0,3,7,1,2008,3,840,0,36
202900,60,14191,8,5,2002,2002,0,0,967,967,993,915,1908,0,2,1,4,9,0,2002,2,431,135,0
79900,50,5586,6,7,1920,1998,0,0,901,901,1088,110,1198,0,1,0,4,7,0,1980,0,0,0,98
440000,20,14977,8,5,2006,2007,304,1350,626,1976,1976,0,1976,1,2,0,2,7,1,2006,3,908,250,63
107000,70,9906,4,4,1925,1950,0,0,686,686,810,518,1328,0,1,0,3,8,0,1940,1,210,0,172
143500,20,9286,5,7,1977,1989,0,196,1072,1268,1268,0,1268,0,1,1,3,5,0,1978,1,252,173,0
171900,160,4017,7,5,2006,2007,0,0,625,625,625,625,1250,0,2,1,2,5,0,2006,2,625,0,54
100000,90,9825,5,5,1965,1965,0,0,0,0,1664,0,1664,0,2,0,4,8,0,1980,0,0,0,0
179900,60,11700,6,6,1968,1968,420,404,304,708,708,708,1416,0,2,1,3,7,1,1968,2,776,0,169
133900,190,7200,6,6,1910,1998,0,1046,168,1214,1260,1031,2291,0,2,0,4,9,1,1900,2,506,0,0
240000,20,12118,7,5,2004,2005,108,0,1710,1710,1710,0,1710,0,2,0,3,7,1,2004,2,550,100,48
89000,30,6000,5,7,1921,1950,0,616,0,616,616,0,616,0,1,0,2,4,0,1921,1,205,0,0
136500,20,10659,5,6,1961,1961,0,915,135,1050,1050,0,1050,1,1,0,3,6,0,1961,1,368,0,319
235000,20,13500,6,7,1960,1975,0,429,93,1602,1252,0,1252,1,1,0,1,4,1,1960,2,564,409,0
138000,20,8072,5,5,1994,1995,0,746,244,990,990,0,990,1,1,0,3,5,0,2000,2,480,0,64
142125,20,9717,5,6,1950,1996,0,49,0,1078,1078,0,1078,1,1,0,2,5,0,1950,1,240,366,0
187500,60,12205,6,8,1966,2007,157,568,264,832,976,1111,2087,0,2,1,5,9,0,1966,2,444,133,168
181900,20,14585,6,6,1960,1987,85,594,331,1144,1429,0,1429,0,1,0,3,7,2,1960,2,572,216,110
140000,190,7630,5,9,1900,1996,0,0,360,360,1032,780,1812,0,2,0,4,8,1,1999,2,672,344,0
145000,80,10482,6,8,1958,1958,63,507,81,588,1138,0,1138,0,1,0,3,6,0,1958,1,264,224,0
175000,20,12243,5,6,1971,1971,0,998,486,1484,1484,0,1484,0,2,0,3,7,1,1971,2,487,224,0
234000,120,3196,7,5,2003,2004,18,0,1374,1374,1557,0,1557,0,2,0,2,7,1,2003,2,420,143,20
109900,30,4800,4,7,1916,1990,0,197,999,1196,1196,0,1196,1,1,0,2,5,0,1957,2,440,0,0
129900,20,9100,5,5,1958,1958,0,521,169,864,864,0,864,1,1,0,3,5,0,1964,2,624,0,0
139400,20,9250,5,7,1954,2005,0,480,108,1056,1056,0,1056,0,1,0,3,6,0,1954,1,260,390,0
290000,60,10120,8,5,1994,1994,391,740,425,1165,1203,1323,2526,1,2,1,4,8,1,1994,3,844,309,78
160200,120,3182,7,5,2005,2006,11,16,1129,1145,1145,0,1145,0,2,0,2,5,1,2005,2,397,100,16
139000,20,11616,5,5,1962,1962,116,170,252,1092,1092,0,1092,0,1,0,3,6,1,1962,1,288,0,20
132000,70,9600,5,7,1910,2002,0,0,264,264,768,664,1432,0,2,0,2,7,0,1910,2,360,270,0
166000,20,11900,6,5,1957,1957,387,1040,352,1392,1392,0,1392,1,1,1,3,6,2,1957,2,458,0,0
163990,60,8461,6,5,2005,2006,0,0,728,728,728,728,1456,0,2,1,3,8,1,2005,2,390,0,24
145500,20,10007,5,7,1959,2006,54,806,247,1053,1053,0,1053,1,1,1,3,5,0,1959,1,312,0,0
200000,190,10896,6,7,1914,1995,0,256,1184,1440,1440,1440,3395,0,2,0,8,14,0,1980,0,0,0,110
162000,20,9830,5,7,1959,2006,0,72,733,1063,1287,0,1287,1,1,0,3,7,1,1997,2,576,364,17
120500,30,6900,5,6,1940,1955,0,403,212,740,778,0,778,0,1,0,2,4,1,1966,1,924,0,25
88000,160,1680,6,5,1971,1971,381,0,525,525,525,567,1092,0,1,1,3,6,0,1971,1,264,0,0
79900,30,5825,4,5,1926,1953,108,0,600,600,747,0,747,0,1,0,1,5,0,1953,2,528,0,0
225000,60,12394,7,5,2003,2003,0,0,847,847,847,886,1733,0,2,1,3,7,1,2003,2,433,100,48
248900,20,10656,8,5,2006,2007,274,0,1638,1638,1646,0,1646,0,2,0,3,6,1,2007,3,870,192,80
239686,50,12822,7,5,2003,2003,0,1351,83,1434,1518,631,2149,1,1,1,1,6,1,2003,2,670,168,43
190000,20,36500,5,5,1964,1964,621,812,812,1624,1582,0,1582,0,2,0,4,7,0,1964,2,390,168,198
168000,70,17671,8,9,1882,1986,0,216,700,916,916,826,1742,0,1,1,4,8,1,1925,2,424,0,169
132250,20,25286,4,5,1963,1963,0,633,431,1064,1040,0,1040,1,1,0,3,5,0,1963,2,648,0,0
114500,20,10150,5,5,1958,1958,1,456,456,912,912,0,912,0,1,0,2,5,0,1958,1,275,0,0
250000,60,14260,8,5,2000,2000,350,655,490,1145,1145,1053,2198,1,2,1,4,9,1,2000,3,836,192,84
136905,90,11500,5,6,1976,1976,164,0,1680,1680,1680,0,1680,0,2,0,4,8,0,1976,2,528,0,0
381000,50,14100,8,9,1935,1997,632,192,536,728,1968,1479,3447,0,3,1,4,11,2,1982,3,1014,314,12
130000,50,5500,5,7,1929,2001,0,234,0,926,926,0,1316,1,1,0,3,6,0,1974,2,484,0,0
189000,70,9842,5,6,1921,1998,0,0,612,612,990,1611,2601,0,3,1,4,8,0,1998,2,621,183,0
125000,160,2368,5,6,1970,1970,312,765,0,765,765,600,1365,0,1,1,3,7,0,1970,2,440,0,36
172500,120,3922,7,5,2006,2007,72,0,1258,1258,1258,0,1258,0,2,0,2,6,1,2007,3,648,144,16
232000,20,11957,8,5,2006,2006,53,24,1550,1574,1574,0,1574,0,2,0,3,7,1,2006,3,824,144,104
138800,20,15870,5,5,1969,1969,0,75,230,1096,1096,0,1096,1,1,0,3,6,0,1969,1,299,240,32
100000,160,1680,6,5,1973,1973,158,330,153,483,483,504,987,1,1,1,2,5,0,1973,1,264,0,0
130000,160,3363,7,5,2004,2004,117,0,976,976,976,732,1708,0,2,0,3,7,0,2004,2,380,0,40
295000,75,18386,7,9,1880,2002,0,0,1470,1470,1675,1818,3493,0,3,0,3,10,1,2003,3,870,302,0
164000,50,12134,8,7,1988,2005,0,427,132,559,1080,672,1752,0,2,0,4,8,0,1988,2,492,325,12
375000,20,215245,7,5,1965,1965,0,1236,80,2136,2036,0,2036,2,2,0,3,8,2,1965,2,513,0,0
115000,50,6240,5,4,1936,1950,0,0,896,896,896,448,1344,0,1,0,3,7,0,1936,1,240,200,114
139000,80,10500,5,7,1971,2005,82,349,23,372,576,533,1109,0,1,0,3,5,0,1971,1,288,35,0
177000,60,13869,6,6,1997,1997,0,182,612,794,794,676,1470,0,2,0,3,6,0,1997,2,388,0,75
139000,20,7350,5,7,1951,1951,0,852,100,952,952,0,952,1,1,0,2,4,0,1988,2,840,0,0
222000,20,21695,6,9,1988,2007,260,808,72,880,1680,0,1680,1,2,0,3,5,1,1988,2,540,292,44
167000,20,10004,6,6,1964,1964,180,196,975,1516,1516,0,1516,0,1,1,3,6,0,1964,2,472,0,0
318000,20,12085,8,5,2007,2007,328,1004,730,1734,1734,0,1734,1,2,0,3,7,1,2007,3,928,0,0
212000,120,6820,8,5,1985,1985,0,368,0,1488,1502,0,1502,1,1,1,1,4,0,1985,2,528,0,54
173000,160,2268,7,5,2003,2004,106,567,197,764,764,862,1626,0,2,0,2,6,0,2003,2,474,0,27
135000,50,10320,6,7,1906,1995,0,0,756,756,756,713,1469,0,1,0,3,7,0,1906,1,216,57,0
241000,60,8125,7,5,2006,2007,100,812,280,1092,1112,438,1550,1,2,0,2,7,0,2007,2,438,0,168
202665,120,6792,7,5,2005,2006,94,0,1368,1368,1368,0,1368,0,2,0,2,6,1,2005,2,474,132,35
342643,60,16259,9,5,2006,2006,370,0,1249,1249,1249,1347,2596,0,3,1,4,9,0,2006,3,840,240,154
139000,20,7560,5,6,1958,1965,0,504,525,1029,1339,0,1339,0,1,0,3,6,0,1958,1,294,0,0
221000,60,16770,7,5,1998,1998,30,0,1195,1195,1195,644,1839,0,2,1,4,7,0,1998,2,486,0,81
309000,60,13418,8,5,2004,2005,132,0,1117,1117,1132,1320,2452,0,3,1,4,9,1,2004,3,691,113,32
180000,60,7875,7,5,2003,2003,0,0,783,783,807,702,1509,0,2,1,3,8,1,2003,2,393,0,75
189000,20,8529,7,5,2001,2001,0,20,1434,1454,1434,0,1434,0,2,0,3,6,1,2001,2,527,290,39
179200,20,7153,6,5,1991,1991,88,1200,78,1278,1294,0,1294,1,2,0,3,6,0,1991,2,496,112,51
177000,70,15576,6,7,1915,1976,0,0,840,840,840,840,1680,0,2,0,4,8,0,1960,1,308,0,0
201000,60,8462,6,5,1994,1994,105,814,114,928,936,785,1721,0,2,1,3,7,0,1994,2,471,300,87
111250,20,12735,4,5,1972,1972,0,600,264,864,864,0,864,0,1,0,3,5,0,1980,2,576,216,0
179400,160,2280,7,5,1999,1999,360,549,195,744,757,744,1501,0,2,1,3,6,0,1999,2,440,0,0
90000,190,13600,5,5,1900,1950,0,0,662,662,1422,915,2337,0,2,0,5,10,0,1945,2,560,0,57
241500,20,10400,7,5,1988,1988,102,929,916,1845,1872,0,1872,0,2,0,3,6,1,1988,2,604,197,39
259000,20,14572,7,5,2004,2004,0,1300,230,1530,1530,0,1530,1,2,0,3,7,1,2004,3,630,144,36
128000,75,6300,6,6,1914,2001,0,0,742,742,742,742,1484,0,2,0,3,9,1,1980,0,0,0,291
86000,180,1526,4,8,1970,2002,0,515,115,630,630,0,630,1,1,0,1,3,0,1970,1,286,0,0
125000,30,11340,6,5,1923,1950,0,0,1200,1200,1200,0,1200,0,1,0,4,7,0,1923,1,312,0,0
272000,60,12227,6,7,1977,1995,424,896,434,1330,1542,1330,2872,1,2,1,4,11,1,1977,2,619,550,282
158000,80,12095,6,6,1964,1964,115,564,563,1127,1445,0,1445,0,1,1,3,7,1,1964,2,645,180,0
160000,20,10000,6,6,1962,1962,261,0,1116,1116,1116,0,1116,0,1,1,3,5,0,1962,2,440,0,0
207500,160,5062,7,5,1984,1984,0,828,180,1190,1190,900,2090,1,2,0,3,6,1,1984,2,577,219,0
135960,90,7032,5,5,1979,1979,0,943,0,943,943,0,943,1,1,0,2,4,2,1979,2,600,42,0
137450,50,6171,6,6,1925,1990,0,264,712,976,1160,448,1608,0,2,1,3,7,1,1925,1,216,147,16
90000,90,10791,4,5,1967,1967,0,0,0,0,1296,0,1296,0,2,0,2,6,0,1967,2,516,0,0
87000,45,4388,5,7,1930,1950,0,116,556,672,840,0,840,0,1,0,3,5,1,1980,0,0,0,0
176000,60,9900,7,5,1968,1968,342,552,280,832,1098,880,1978,0,2,1,4,9,1,1968,2,486,0,43
178400,85,12122,7,9,1961,2007,210,867,77,944,999,0,999,1,1,0,3,6,0,1961,2,588,144,76
143750,120,4928,6,6,1976,1976,0,958,0,958,958,0,958,0,2,0,2,5,0,1976,2,440,0,60
315000,70,10570,8,8,1932,1994,0,297,556,853,1549,1178,2727,0,2,1,3,10,2,1932,2,440,0,74
144000,30,8731,5,5,1920,1950,0,645,270,915,1167,0,1167,0,1,0,3,6,1,1972,2,495,0,0
187000,60,9760,6,8,1964,1993,340,536,169,822,1020,831,1851,0,2,1,3,7,1,1964,2,440,239,42
142000,20,10721,6,6,1959,1959,243,0,1252,1252,1252,0,1252,0,1,0,3,7,0,1960,2,528,0,39
80500,50,6240,4,5,1947,1950,0,0,0,0,672,240,912,0,1,0,2,3,0,1980,0,0,0,0
152000,20,12464,5,5,1996,1996,0,732,308,1040,1040,0,1040,1,1,0,3,6,0,2000,2,576,168,0
177000,160,2117,6,5,2000,2000,456,436,320,756,769,756,1525,0,2,1,3,5,1,2000,2,440,0,0
267000,60,16226,8,5,1998,1999,0,281,747,1028,1210,1242,2452,0,2,1,4,9,1,1998,2,683,208,50
430000,20,12692,8,5,1992,1993,0,1231,1969,3200,3228,0,3228,1,3,0,4,10,1,1992,2,546,264,75
190000,80,9587,7,5,2005,2005,182,655,201,856,1166,0,1166,1,2,0,2,5,0,2005,2,400,212,0
143000,50,10496,6,6,1949,1950,320,196,844,1040,1168,678,1846,0,2,0,3,7,1,1949,1,315,0,0
153500,20,10140,5,6,1975,1975,0,788,268,1056,1074,0,1074,1,1,1,3,6,0,1975,2,495,0,88
265000,60,10208,7,5,1996,1997,921,0,1264,1264,1277,1067,2344,0,2,1,3,7,1,1996,3,889,220,0
135000,45,9600,5,7,1949,2003,0,220,625,845,893,0,893,0,1,0,2,4,0,1985,2,576,0,0
208900,20,13125,6,5,1997,1998,215,994,484,1478,1493,0,1493,1,2,0,3,7,1,1997,2,508,140,39
269500,60,12003,8,5,2009,2010,84,0,774,774,774,1194,1968,0,2,1,4,8,1,2009,3,680,0,75
149000,20,11241,6,7,1970,1970,180,578,426,1004,1004,0,1004,1,1,0,2,5,1,1970,2,480,0,0
91500,50,7585,5,3,1948,1950,0,0,810,810,1002,454,1456,1,1,0,4,7,1,1954,1,280,0,0
210000,50,8737,6,7,1923,1950,0,300,765,1065,915,720,1635,0,1,1,3,6,1,1950,2,440,0,38
97500,50,17503,6,5,1948,1950,0,0,912,912,912,546,1458,0,1,0,3,6,1,1948,1,330,192,0
165000,120,4500,6,5,1999,1999,425,883,341,1224,1224,0,1224,1,2,0,2,5,0,1999,2,402,0,304
213490,120,3013,7,5,2005,2005,145,16,1346,1362,1506,0,1506,0,2,0,2,6,1,2005,2,440,142,20
137900,20,10680,5,3,1951,1951,44,756,1380,2136,2136,0,2136,0,2,0,4,7,0,1951,2,528,0,30
155000,160,2572,7,5,1999,1999,0,604,92,696,696,720,1416,1,2,1,3,6,0,1999,2,484,0,44
466500,20,11400,10,5,2001,2002,705,1282,1351,2633,2633,0,2633,1,2,1,2,8,2,2001,3,804,314,140
244600,20,9612,8,5,2008,2009,72,0,1468,1468,1468,0,1468,0,2,0,3,6,1,2008,3,898,210,150
110000,20,7677,5,5,1953,1953,0,570,203,773,773,0,773,0,1,0,2,4,0,1953,1,240,0,0
112000,160,1680,5,5,1971,1971,142,0,630,630,630,672,1302,0,2,1,3,6,0,1991,1,280,0,0
134800,20,7200,5,7,1951,2000,0,234,180,900,900,0,900,0,1,0,3,5,0,2005,2,576,222,32
119000,45,6000,6,7,1926,2004,0,0,884,884,904,0,904,0,1,0,2,4,0,1926,1,180,0,0
223000,20,16381,6,5,1969,1969,312,1110,734,1844,1844,0,1844,1,2,0,3,7,1,1969,2,540,0,73
192500,120,3182,7,5,2005,2006,16,16,1357,1373,1555,0,1555,0,2,0,2,7,1,2005,2,430,143,20
153000,20,8532,5,6,1954,1990,650,1213,84,1297,1297,0,1297,0,1,0,3,5,1,1954,2,498,0,0
98000,50,8405,4,3,1945,1950,0,0,0,0,1088,441,1529,0,2,0,4,9,0,1945,1,240,92,0
139600,20,13680,3,5,1955,1955,0,0,0,0,1733,0,1733,0,2,0,4,8,1,1955,2,452,0,0
187000,60,9291,6,5,1993,1993,120,426,406,832,832,878,1710,0,2,1,3,7,0,1993,2,506,144,70
178000,80,12090,6,7,1984,2003,74,0,585,585,1140,728,1868,0,3,1,3,7,1,1984,2,477,268,112
160000,20,17400,5,5,1977,1977,0,936,190,1126,1126,0,1126,1,2,0,3,5,1,1977,2,484,295,41
148800,160,5105,7,5,2004,2004,0,239,312,551,551,551,1102,0,2,1,2,4,0,2004,2,480,0,60
177000,50,7558,6,6,1928,1950,0,0,896,896,1172,741,1913,0,1,1,3,9,1,1929,2,342,0,0
264561,120,3982,8,5,2006,2006,0,1154,366,1520,1567,0,1567,1,2,0,1,7,1,2006,3,648,312,0
128900,20,9600,5,6,1956,1956,0,504,546,1050,1050,0,1050,0,1,0,2,5,0,1956,1,338,0,0
235128,20,11932,8,5,2007,2008,186,0,1580,1580,1580,0,1580,0,2,0,3,7,0,2008,3,830,0,24
229456,20,8640,8,5,2009,2009,72,936,364,1300,1314,0,1314,1,2,0,3,6,0,2009,2,552,135,112
256000,50,10440,6,7,1920,1950,0,493,1017,1510,1584,1208,2792,0,2,0,5,8,2,1920,2,520,0,547
200000,60,12798,6,5,1997,1997,0,462,154,616,616,1072,1688,1,2,1,4,8,0,1997,2,603,403,114
162500,20,11120,6,6,1984,1984,0,660,572,1232,1232,0,1232,0,2,0,3,6,0,1984,2,516,0,0
124000,160,1300,6,6,1980,1980,0,285,276,561,561,668,1229,0,1,1,2,5,1,1980,2,462,150,0
95000,190,10615,3,5,1900,1970,0,440,538,978,1014,685,1699,1,2,0,3,7,0,1920,2,420,0,74
93000,20,6000,4,4,1953,1953,0,0,936,936,936,0,936,0,1,0,2,4,0,1974,2,576,0,32
195000,60,12393,7,5,2004,2005,0,0,847,847,847,1101,1948,0,2,1,4,8,1,2004,2,434,100,48
350000,60,8834,9,5,2004,2005,216,1170,292,1462,1462,762,2224,1,2,1,4,10,1,2004,3,738,184,0
145000,90,6270,5,6,1949,1950,0,284,717,1001,1001,1001,2002,0,2,0,4,8,0,1949,3,871,0,0
190000,60,14803,6,5,1971,1971,252,416,409,825,1097,896,1993,0,2,1,4,8,1,1971,2,495,0,66
200000,60,13450,7,5,2002,2002,0,700,216,916,920,941,1861,1,2,1,3,8,0,2002,2,492,146,91
124500,20,9600,5,6,1959,1959,132,991,50,1041,1041,0,1041,1,1,0,3,6,0,1959,1,270,224,88
102000,30,6180,6,5,1926,1950,0,0,960,960,986,0,986,0,1,0,2,5,1,1926,1,180,0,128
171750,120,3136,7,5,2003,2003,163,0,1405,1405,1405,0,1405,0,2,0,2,6,1,2003,2,478,148,36
198900,20,10402,7,5,2009,2009,0,0,1226,1226,1226,0,1226,0,2,0,3,6,0,2009,3,740,0,36
130000,30,10267,6,7,1918,2000,0,210,0,816,838,0,838,1,1,0,2,5,0,1961,1,275,0,0
58500,30,8212,3,3,1914,1950,0,203,661,864,864,0,864,1,1,0,2,5,0,1938,1,200,0,0
80000,20,9000,5,3,1959,1959,0,288,718,1006,1006,0,1006,0,1,0,3,5,0,1980,0,0,0,24
385000,20,50271,9,5,1981,1987,0,1810,32,1842,1842,0,1842,2,0,1,0,5,1,1981,3,894,857,72
372402,20,13891,8,5,2007,2008,436,1400,310,1710,1710,0,1710,1,2,0,2,6,1,2007,3,866,0,102
258000,60,12090,8,5,1998,1998,650,0,1141,1141,1165,1098,2263,0,2,1,4,10,1,1998,2,420,144,123
122500,190,11340,4,6,1885,1950,0,0,777,777,1246,1044,2290,0,2,0,4,11,0,1971,2,560,0,0
141000,20,12493,4,5,1960,1960,0,419,375,1100,1100,0,1100,1,1,0,3,6,1,1960,1,312,355,0
237500,20,12925,6,7,1970,1970,0,865,340,1205,2117,0,2117,0,2,1,4,7,2,1970,2,550,0,42
112000,20,8926,4,3,1956,1956,0,0,672,672,960,0,960,0,1,0,3,5,0,1956,1,288,64,0
129900,50,6120,7,5,1931,1950,0,0,952,952,1022,752,1774,0,2,0,2,8,2,1931,2,468,90,0
119200,20,11664,6,5,1948,1950,206,336,746,1082,1082,0,1082,0,1,0,2,5,1,1948,1,240,0,130
147000,20,12000,5,7,1948,2005,0,144,172,924,1122,0,1122,1,1,0,2,6,0,1948,2,528,0,36
213500,120,4920,8,5,2001,2001,0,616,722,1338,1338,0,1338,1,2,0,2,6,0,2001,2,582,0,0
204000,60,9303,6,5,1996,1997,42,742,130,872,888,868,1756,1,2,1,3,7,0,1996,2,422,144,122
158000,80,9350,6,7,1964,1991,108,270,452,1302,1302,0,1302,0,2,0,3,7,0,1964,1,309,333,0
106500,30,8765,4,6,1936,1950,0,285,666,951,951,0,951,0,1,0,2,6,0,1936,1,327,0,28
83000,160,1953,6,5,1973,1973,408,309,174,483,483,504,987,0,1,1,2,5,0,1973,1,264,72,0
157000,20,7024,5,5,2005,2006,0,980,110,1090,1090,0,1090,1,1,1,2,5,0,2005,2,450,0,49
117000,50,10998,5,5,1941,1960,0,408,156,984,984,620,1604,0,2,0,3,6,0,1977,2,660,0,68
168500,160,2117,6,5,2000,2000,513,420,336,756,756,756,1512,0,2,1,2,4,1,2000,2,440,0,32
140200,50,6435,6,5,1939,1950,0,0,972,972,972,605,1577,0,1,0,3,6,1,1939,1,312,0,0
294000,60,17542,7,7,1974,2003,0,125,36,1192,1516,651,2167,1,2,1,3,9,2,1974,2,518,220,47
151000,80,8471,6,7,1977,1995,46,506,0,506,1212,0,1212,1,1,0,3,6,1,1978,2,492,292,12
122000,20,10356,5,6,1975,1975,0,716,253,969,969,0,969,0,1,1,3,5,0,1975,2,440,0,0
148000,180,3675,6,5,2005,2005,80,459,88,547,1072,0,1072,1,1,0,2,5,0,2005,2,525,0,28
274000,120,12677,8,5,2003,2004,472,1218,300,1518,1518,0,1518,0,1,1,1,6,1,2003,2,588,185,140
157900,20,26142,5,7,1962,1962,189,593,595,1188,1188,0,1188,0,1,0,3,6,0,1962,1,312,261,39
250000,60,10625,7,5,2005,2005,0,0,1026,1026,1026,932,1958,0,2,1,3,9,1,2005,3,936,154,210
140000,120,4043,6,6,1977,1977,0,559,510,1069,1069,0,1069,0,2,0,2,4,0,1977,2,440,0,55
236500,20,11838,8,5,2001,2001,0,0,1753,1753,1788,0,1788,0,2,0,3,7,1,2001,2,522,202,151
160000,190,10800,5,4,1900,1970,0,664,290,954,1766,648,2414,0,2,0,3,10,1,1970,2,520,142,0
72500,20,6627,3,6,1949,1950,0,0,0,0,720,0,720,0,1,0,2,4,0,1955,1,287,0,0
163000,20,9120,6,6,1958,1958,0,662,599,1261,1261,0,1261,1,1,0,3,6,1,1958,2,433,0,0
105000,30,6120,5,7,1931,1993,0,209,506,715,875,0,875,1,1,0,2,5,0,1931,1,180,48,0
108000,30,10200,5,8,1940,1997,0,0,672,672,672,0,672,0,1,0,2,4,0,1940,1,240,168,0
127500,90,9400,6,5,1975,1975,250,945,0,945,980,0,980,0,2,0,4,4,0,1980,0,0,0,0
105000,50,10410,3,4,1915,1950,0,0,672,672,694,520,1214,0,1,0,3,6,0,1998,3,936,216,0
167000,20,9937,5,7,1964,1999,0,637,849,1486,1486,0,1486,1,1,0,3,7,0,1968,2,480,0,0
188700,70,11988,6,7,1934,1995,0,326,389,715,849,811,1660,0,1,1,3,6,1,1939,1,240,0,0
173000,80,9947,7,5,1990,1991,0,611,577,1188,1217,0,1217,1,2,0,3,6,0,1990,2,497,168,27
174500,70,12000,7,7,1941,1950,0,275,429,704,860,704,1564,0,1,1,3,7,1,1941,1,234,0,0
184000,60,15384,7,5,2004,2005,0,724,64,788,788,702,1490,1,2,1,3,8,1,2004,2,388,100,75
359100,70,12168,8,6,1934,1998,0,428,537,965,1940,1254,3194,0,2,1,4,10,2,1934,2,380,0,0
204000,20,10335,7,5,1999,1999,183,679,811,1490,1501,0,1501,1,2,0,3,6,0,1999,2,577,144,29
162000,60,7750,7,5,2003,2003,0,0,660,660,660,660,1320,0,2,1,3,6,0,2003,2,400,0,48
336000,60,12203,8,5,1998,1999,975,854,371,1225,1276,1336,2612,1,2,1,4,8,1,1998,3,676,250,0
235000,75,25419,8,4,1918,1990,0,1036,140,1360,1360,1360,3112,1,2,0,4,8,1,1918,2,795,0,16
118500,75,6204,4,5,1912,1950,0,0,795,795,954,795,2230,1,1,0,5,10,0,1997,1,440,0,188
192000,60,10005,7,5,1977,1977,299,392,768,1160,1156,866,2022,0,2,1,4,8,1,1977,2,505,288,117
235000,60,16659,7,7,1977,1994,34,795,0,795,1468,795,2263,1,2,1,3,9,1,1977,2,539,0,250
176500,60,9084,7,5,1998,1998,0,0,935,935,955,677,1632,0,2,1,3,8,1,1998,2,462,0,28
245500,120,14963,8,5,1996,1996,0,786,474,1260,1288,0,1288,1,1,1,1,4,2,1996,2,500,120,30
136000,20,9464,6,7,1958,1958,135,570,510,1080,1080,0,1080,0,1,0,3,5,0,1958,1,288,0,0
200000,20,9135,6,5,2003,2003,120,340,1342,1682,1700,0,1700,1,2,0,3,7,0,2003,2,544,192,23
112000,50,7000,6,6,1924,1950,0,617,0,617,865,445,1310,0,2,0,2,6,0,1924,1,398,0,0
128000,20,9600,4,7,1950,1995,0,442,625,1067,1067,0,1067,0,2,0,2,4,0,1996,2,436,290,0
137000,190,9142,6,8,1910,1950,0,0,1020,1020,908,1020,1928,0,2,0,4,9,0,1910,1,440,0,60
250000,60,16692,7,5,1978,1978,184,790,133,1392,1392,1392,2784,1,3,1,5,12,2,1978,2,564,0,112
274300,60,9750,7,6,1998,1998,0,975,133,1108,1108,989,2097,1,2,1,3,8,1,1998,2,583,253,170
120500,30,5890,6,8,1930,2007,0,538,278,816,816,0,816,0,1,0,2,5,0,2002,1,432,0,0
240000,60,53107,6,5,1992,1992,0,985,595,1580,1079,874,1953,1,2,1,3,9,2,1992,2,501,216,231
278000,120,5664,8,5,2000,2000,0,1158,343,1501,1659,0,1659,1,2,0,2,5,1,2000,2,499,212,59
170000,20,17920,5,4,1955,1974,0,306,372,1763,1779,0,1779,1,1,1,3,6,1,1955,2,454,0,418
167240,120,3010,7,5,2005,2006,16,16,1232,1248,1248,0,1248,0,2,0,2,5,0,2005,2,438,108,0
226000,60,7050,7,5,2001,2001,0,738,319,1057,1057,872,1929,1,2,1,3,7,1,2001,2,650,0,235
181500,20,9600,6,8,1976,1976,0,978,284,1262,1262,0,1262,0,2,0,3,6,1,1976,2,460,298,0
383970,60,9965,7,5,2007,2007,220,984,280,1264,1282,1414,2696,1,2,1,4,10,1,2007,3,792,120,184
138500,20,8450,5,8,1965,2009,0,553,224,894,894,0,894,1,1,0,3,5,1,1973,1,336,416,144
163000,190,10800,6,7,1905,2000,0,0,482,482,1221,691,1912,0,2,0,3,7,1,2003,2,672,0,25
119900,20,7800,5,5,1965,1965,0,641,187,828,965,0,965,1,1,0,3,6,0,1979,1,300,421,0
139000,90,9400,6,5,1971,1971,0,0,912,912,912,912,1824,0,2,2,4,8,0,1980,0,0,128,0
275000,20,14781,8,5,2001,2002,178,0,1753,1753,1787,0,1787,0,2,0,3,7,1,2001,3,748,198,150
118000,90,12108,4,4,1955,1955,270,133,1307,1440,1440,0,1440,0,2,0,4,8,0,1980,0,0,0,0
119000,50,9600,6,5,1950,1950,0,280,752,1032,1032,220,1252,0,1,0,3,6,0,1950,1,288,0,0
301500,20,14303,8,5,1994,1994,554,1314,672,1986,1987,0,1987,1,2,0,2,7,1,1994,2,691,262,36
137500,85,10012,4,5,1972,1972,0,920,38,1138,1181,0,1181,1,2,0,3,6,0,1974,2,588,0,0
186500,60,10261,6,5,2000,2000,318,0,936,936,962,830,1792,1,2,1,3,8,1,2000,2,451,0,0
99900,30,4060,5,8,1922,1950,0,0,864,864,864,0,864,0,1,0,2,4,0,1980,0,0,0,96
155000,20,8700,5,6,1963,1963,148,776,344,1120,1128,0,1128,1,2,0,3,6,0,1963,2,525,192,20
270000,60,9000,8,5,2006,2006,0,0,1088,1088,1088,871,1959,0,2,1,3,8,1,2006,3,1025,208,46
155000,60,7700,6,5,1966,1966,351,0,756,756,1051,788,1839,0,1,1,4,7,1,1966,2,442,0,124
109900,20,7162,5,7,1966,1966,41,0,876,876,904,0,904,0,1,0,3,6,0,1966,1,408,0,0
150500,20,8800,5,7,1977,2008,0,532,364,1040,1040,0,1040,0,2,0,3,5,0,1977,2,484,0,0
99500,120,7892,6,5,1979,1979,0,0,918,918,918,0,918,0,2,0,2,5,1,1979,1,264,28,0
153000,80,9600,6,6,1955,1972,164,674,350,1156,1520,0,1520,1,1,0,3,7,2,1955,1,364,0,0
82500,20,11900,7,5,1977,1977,209,822,564,1386,1411,0,1411,0,2,0,3,6,1,1977,2,544,192,0
129500,75,9600,6,5,1917,1950,0,319,416,735,1134,924,2058,0,1,1,3,8,1,1950,2,396,0,0
274970,80,19690,6,7,1966,1966,0,0,697,697,1575,626,2201,0,2,0,4,8,1,1966,2,432,586,236
165400,60,6931,7,5,2003,2004,92,0,746,746,760,896,1656,0,2,1,3,7,1,2003,2,397,178,128
215000,20,16196,7,5,1998,1998,0,1443,39,1482,1494,0,1494,1,2,0,3,5,1,1998,2,514,402,25
171000,60,8400,6,6,1980,1981,130,0,650,650,888,676,1564,0,2,1,3,7,1,1980,2,476,0,50
143250,20,10530,6,5,1971,1971,0,282,664,981,981,0,981,1,1,1,3,5,0,1979,2,576,0,312
165000,70,10592,6,7,1923,1996,0,0,602,602,900,602,1502,0,1,1,3,7,2,1923,1,180,96,0
141000,20,14850,5,5,1957,1957,0,895,197,1092,1092,0,1092,1,1,0,2,6,1,1957,1,299,268,0
159434,50,4500,5,5,1932,2000,0,182,611,793,848,672,1520,0,1,0,3,6,0,1968,1,281,0,0
164500,80,11777,5,6,1966,1966,97,328,285,1164,1320,0,1320,1,1,0,3,6,2,1966,2,564,160,68
280000,20,11362,8,5,2004,2005,42,1039,797,1836,1836,0,1836,1,2,0,3,7,1,2004,3,862,125,185
122000,190,10120,7,4,1910,1950,0,0,925,925,964,925,1889,0,1,1,4,9,1,1960,1,308,0,0
120000,30,10800,5,6,1920,1950,0,821,299,1120,1130,0,1130,1,1,0,2,5,1,1970,2,720,229,0
315750,60,11787,7,5,1996,1997,594,719,660,1379,1383,1015,2398,1,2,1,3,8,1,1996,3,834,239,60
220000,50,11275,6,7,1932,1950,480,297,0,854,1096,895,1991,0,1,1,3,7,1,1977,2,432,0,0
315000,20,14601,9,5,2006,2006,584,1260,578,1838,1838,0,1838,1,2,0,2,8,1,2006,3,765,270,68
158000,60,9364,6,7,1969,1969,143,371,292,663,663,689,1352,0,1,1,4,7,0,1969,1,299,379,36
260400,20,10593,7,5,1996,1996,338,919,801,1720,1720,0,1720,1,2,0,3,7,1,1996,2,527,240,56
171000,60,9247,6,6,1962,1962,318,319,539,858,858,858,1716,0,1,1,4,8,1,1962,2,490,0,84
132500,20,7758,5,7,1962,2001,0,588,411,999,999,0,999,1,1,0,3,6,0,1963,1,264,0,132
185000,60,9765,6,8,1993,1993,68,310,370,680,680,790,1470,0,2,1,3,6,1,1993,2,420,232,63
176000,20,7024,4,5,2005,2005,0,1024,108,1132,1132,0,1132,1,1,1,2,5,0,2005,2,451,252,64
185000,50,21780,6,7,1918,1950,0,0,1163,1163,1163,511,1674,0,2,0,4,8,1,1955,2,396,72,36
181000,120,4060,6,5,1998,1999,0,266,1139,1405,1337,0,1337,1,2,0,2,5,0,1998,2,511,144,68
179000,20,8450,7,5,2000,2001,108,0,1349,1349,1349,0,1349,0,2,0,3,6,0,2000,2,539,120,55
132500,20,7931,5,5,1959,1959,0,1148,0,1148,1148,0,1148,1,1,0,3,6,0,1959,1,672,0,0
172500,60,11184,6,5,1978,1978,92,226,192,918,918,765,1683,0,2,1,3,7,1,1978,2,440,243,0
97000,160,1533,4,6,1970,2008,0,0,546,546,798,546,1344,0,1,1,3,6,1,1980,0,0,0,0
143900,20,13673,5,5,1962,1962,0,0,1140,1140,1696,0,1696,0,1,1,3,8,1,1962,1,349,0,30
106500,20,8339,5,7,1959,1959,0,0,0,0,882,0,882,0,1,0,3,5,0,1959,1,294,0,0
194500,60,10832,7,5,1994,1996,0,0,712,712,1086,809,1895,0,2,1,3,7,1,1994,2,409,143,46
109500,20,6600,5,5,1962,1962,0,0,894,894,894,0,894,0,1,0,2,5,0,1962,1,308,0,0
169500,60,7590,5,5,1962,1962,288,540,324,864,876,936,1812,0,2,0,4,8,1,1962,1,264,0,168
196500,60,10421,7,5,1988,1988,42,394,586,980,980,734,1714,0,2,1,3,7,1,1988,2,496,228,66
155000,20,13695,6,5,2003,2004,0,814,300,1114,1114,0,1114,1,1,0,3,6,0,2004,2,576,0,78
248328,20,9849,7,6,2007,2007,0,0,1689,1689,1689,0,1689,0,2,0,3,7,0,2007,3,954,0,56
105000,50,9492,5,5,1941,1950,0,368,359,768,968,408,1376,1,1,0,3,6,1,1941,1,240,0,0
345000,80,13860,8,7,1972,1995,0,1410,542,1952,2000,704,2704,1,2,1,4,9,3,1972,2,538,269,111
261500,60,11885,8,5,2001,2001,108,990,309,1299,1299,573,1872,1,2,1,3,7,1,2001,2,531,160,122
116500,20,7207,5,7,1958,2008,0,696,162,858,858,0,858,1,1,0,2,4,0,1980,0,0,117,0
120500,20,6960,4,6,1970,1970,0,375,250,864,864,0,864,0,1,0,3,5,0,1989,2,660,96,0
285000,20,11248,9,5,2002,2002,215,1059,567,1626,1668,0,1668,1,2,0,3,7,1,2002,3,702,257,45
83000,30,10625,5,5,1920,1950,0,108,350,458,835,0,835,0,1,0,2,5,0,1920,1,366,0,0
118000,20,9000,5,5,1954,1954,0,812,124,936,1128,0,1128,0,1,0,2,5,0,1954,1,286,0,0
115000,50,10480,6,5,1936,1950,0,0,1064,1064,1166,0,1639,0,1,0,3,6,0,1936,1,240,0,0
140000,20,9170,5,7,1965,1965,0,698,420,1214,1214,0,1214,1,1,0,2,6,0,1965,2,461,0,0
154000,60,11700,6,6,1968,1968,0,298,429,727,829,727,1556,0,1,1,4,8,0,1968,2,441,0,0
185850,120,7052,7,5,2005,2005,240,659,705,1364,1364,0,1364,1,2,0,2,6,1,2005,2,484,192,36
222000,60,13006,7,5,1997,1997,285,0,964,964,993,1243,2236,0,2,1,4,8,1,1997,2,642,0,0
135000,90,10530,6,5,1977,1977,90,975,0,975,1004,0,1004,1,1,0,2,4,0,1977,2,504,0,0
140000,20,8546,4,5,2003,2004,0,0,1121,1121,1121,0,1121,0,2,0,2,5,0,2003,2,440,132,64
180000,20,10335,5,6,1968,1993,0,570,891,1461,1721,0,1721,0,2,1,3,7,1,1968,2,440,0,96
200141,20,11175,7,5,2007,2007,0,0,1316,1316,1316,0,1316,0,2,0,3,6,1,2007,2,440,0,20
160000,20,8658,6,5,1965,1965,101,643,445,1088,1324,0,1324,0,2,0,3,6,1,1965,2,440,0,138
187500,120,5814,8,5,1984,1984,0,1036,184,1220,1360,0,1360,1,1,0,1,4,1,1984,2,565,63,0
148000,20,8760,6,6,1959,1959,220,0,1194,1194,1194,0,1194,1,1,0,3,6,0,1959,1,312,0,0
394432,20,11394,9,2,2010,2010,350,1445,411,1856,1856,0,1856,1,1,1,1,8,1,2010,3,834,113,0
122000,20,9819,5,5,1967,1967,31,450,432,882,900,0,900,0,1,0,3,5,0,1970,1,280,0,0
126000,50,8160,5,6,1940,1950,0,312,444,756,756,378,1134,1,1,1,3,7,0,1940,1,240,0,0
215000,60,12209,6,5,2001,2002,0,690,114,804,804,1157,1961,1,2,1,3,7,1,2001,2,560,125,192
138000,20,6600,5,8,1982,2003,0,816,0,816,816,0,816,1,1,0,2,4,0,1985,2,816,0,0
129000,20,8724,5,5,1968,1968,0,492,402,894,894,0,894,0,1,0,3,5,1,1968,2,450,0,0
83500,160,1974,4,5,1973,1973,0,334,212,546,546,546,1092,0,1,1,3,6,0,1973,1,286,120,96
155000,20,10452,6,5,1953,1953,216,500,594,1094,1094,0,1094,0,1,0,3,5,2,1953,2,495,0,0
230000,20,14115,6,7,1956,2004,0,296,230,1073,1811,0,1811,0,1,0,2,6,1,1956,2,470,0,0
106250,190,10800,4,7,1900,2000,0,0,0,0,694,600,1294,0,2,0,3,7,0,1980,0,0,220,114
219500,60,9375,7,5,1997,1998,573,739,318,1057,1057,977,2034,1,2,1,3,8,0,1998,2,645,576,36
157000,20,10920,6,5,1960,1960,212,733,520,1253,1253,0,1253,1,1,1,2,5,1,1960,1,352,0,213
250000,60,11170,7,5,1990,1991,0,1216,0,1216,1298,1216,2514,0,2,1,4,8,0,1990,2,693,0,0
154000,20,11000,5,6,1966,1966,200,740,184,1154,1154,0,1154,0,1,1,3,6,1,1966,2,480,0,58
172785,60,15578,6,5,2006,2006,0,0,728,728,728,728,1456,0,2,1,3,8,0,2006,2,429,0,0
179000,60,8123,6,5,2000,2000,16,0,982,982,1007,793,1800,0,2,1,3,7,1,2000,2,463,100,63
135000,50,10410,5,7,1916,1987,0,0,660,660,808,704,1656,0,2,1,3,8,0,1916,1,180,0,0
337000,60,9430,8,5,1999,1999,673,1163,89,1252,1268,1097,2365,1,2,1,3,8,1,1999,3,856,0,128
210000,20,8450,7,5,2004,2004,266,946,490,1436,1436,0,1436,1,2,0,3,8,0,2004,2,484,139,98
146800,80,11333,6,5,1976,1976,0,539,490,1029,1062,0,1062,1,1,0,3,5,2,1976,2,539,120,0
170000,50,10800,5,8,1936,1989,0,626,170,796,1096,370,1466,0,2,0,3,7,1,1950,2,566,436,21
148000,85,11782,5,7,1961,1995,0,899,210,1109,1155,0,1155,1,1,0,3,6,0,1987,2,576,192,0
214000,20,9135,7,5,2002,2003,113,810,726,1536,1536,0,1536,1,2,0,3,7,0,2002,2,532,192,74
128500,20,9920,5,6,1969,1969,0,523,448,971,971,0,971,0,1,1,3,5,1,1969,1,300,0,0
142500,80,7937,6,6,1984,1984,0,819,184,1003,1003,0,1003,1,1,0,3,6,0,1984,2,588,120,0
203000,20,11883,7,5,1996,1996,196,690,814,1504,1504,0,1504,1,2,0,3,6,1,1996,2,478,115,66
137000,90,11345,5,5,1948,1950,567,220,708,928,928,992,1920,0,2,0,4,10,0,1948,2,400,0,0
175500,20,9600,7,6,1973,1973,320,916,326,1242,1242,0,1242,0,1,1,3,6,1,1973,2,528,0,0
266500,70,9042,7,9,1941,2006,0,275,877,1152,1188,1152,2340,0,2,0,4,9,2,1941,1,252,0,60
224900,20,12137,7,5,1998,1998,442,0,1649,1649,1661,0,1661,0,2,0,3,6,0,1998,2,598,0,34
148000,20,7917,6,7,1976,1976,174,751,392,1143,1113,0,1113,1,1,1,3,6,1,1987,1,504,370,30
121600,50,4712,4,7,1946,1950,0,384,363,747,774,456,1230,1,1,1,3,5,0,1946,1,305,0,57
171500,20,10125,6,6,1977,1977,0,641,276,1196,1279,0,1279,0,2,0,3,6,2,1980,2,473,238,83
412500,60,13688,9,5,2003,2004,664,1016,556,1572,1572,1096,2668,1,2,1,3,10,2,2003,3,726,400,0
103000,30,6240,4,5,1925,1950,0,152,628,780,848,0,1208,0,1,0,2,5,0,1962,2,539,0,23
164990,20,8767,7,5,2005,2005,0,24,1286,1310,1310,0,1310,0,2,0,3,6,1,2005,2,400,0,0
361919,60,12438,8,5,2006,2006,466,0,1234,1234,1264,1312,2576,0,2,1,4,10,1,2006,3,666,324,100
140000,90,7200,5,5,1980,1980,180,936,0,936,936,0,936,1,1,0,2,4,0,1980,2,672,49,0
128000,70,6858,6,4,1915,1950,0,0,806,806,841,806,1647,1,1,1,4,6,0,1920,1,216,0,66
194000,20,7406,7,5,2006,2006,84,684,515,1199,1220,0,1220,1,2,0,2,6,0,2006,2,632,105,54
112500,20,7700,5,5,1972,1972,0,138,276,882,882,0,882,1,1,0,3,5,0,1980,2,461,96,0
106000,160,2016,5,5,1970,1970,304,0,630,630,630,672,1302,0,2,1,3,6,0,1970,2,440,0,0
180500,20,11851,7,5,1990,1990,0,0,1424,1424,1442,0,1442,0,2,0,3,5,0,1990,2,500,0,34
277500,120,7313,9,5,2005,2005,246,1153,408,1561,1561,0,1561,1,2,0,2,6,1,2005,2,556,203,47
162000,120,4500,6,5,1998,1998,320,866,338,1204,1204,0,1204,1,2,0,2,5,0,1998,2,412,0,247
161000,70,9600,7,9,1928,2005,0,141,548,689,689,689,1378,0,2,0,3,7,1,1928,2,360,0,0
149300,120,4426,6,5,2004,2004,147,697,151,848,848,0,848,1,1,0,1,3,1,2004,2,420,149,0
235000,20,9100,7,5,2000,2000,244,1400,125,1525,1525,0,1525,1,2,0,3,6,0,2000,2,541,219,36
98600,20,8500,5,3,1961,1961,203,600,635,1235,1235,0,1235,0,1,0,2,6,0,1961,2,480,0,0
156932,60,8499,6,5,2006,2007,0,0,616,616,616,796,1412,0,2,1,3,6,1,2007,2,432,0,36
142953,90,7018,5,5,1979,1979,0,0,0,0,1120,1120,2240,0,2,0,6,12,0,1979,2,528,154,0
268000,60,13346,7,5,1992,2000,0,728,367,1095,1166,1129,2295,1,2,1,4,9,1,1992,2,590,0,40
232000,20,10635,8,5,2003,2003,171,370,315,1657,1668,0,1668,1,2,0,3,8,1,2003,2,502,0,262
221500,20,11210,7,5,2005,2006,240,20,1594,1614,1614,0,1614,0,2,0,3,7,0,2005,3,865,144,59
110500,30,3880,5,9,1945,1997,0,329,357,686,866,0,866,0,1,0,2,4,0,1980,0,0,58,42
279500,20,10652,7,5,2006,2007,306,0,1494,1494,1494,0,1494,0,2,0,3,7,1,2006,3,840,160,33
188500,60,7795,7,5,2004,2005,0,425,291,716,716,716,1432,1,2,1,3,6,1,2004,2,432,100,51
275000,60,10927,8,5,2005,2005,280,546,512,1058,1058,846,1904,1,2,1,3,8,1,2003,2,736,179,60
125000,80,7200,6,6,1976,1976,255,631,410,1041,1125,0,1125,1,1,0,3,6,1,1977,1,352,296,0
140000,180,3675,6,5,2005,2006,82,547,0,547,1072,0,1072,1,2,0,2,5,0,2005,2,525,0,44
190000,20,10708,5,5,1955,1993,0,379,470,1617,1867,0,1867,1,1,0,2,7,3,1955,1,303,476,0
140000,70,12155,6,8,1925,1950,0,156,516,672,810,672,1482,0,2,0,4,7,0,1934,1,400,0,0
325300,60,14215,8,5,2005,2006,380,0,1158,1158,1158,1218,2376,0,3,1,4,9,1,2005,3,853,240,154
98300,20,7200,5,5,1950,1950,0,0,0,0,1048,0,1048,0,1,0,3,7,0,1950,2,420,0,27
201800,60,13700,7,6,1965,1988,288,454,410,864,902,918,1820,0,1,2,4,8,2,1965,2,492,60,84
151000,160,3180,7,5,2005,2005,0,0,600,600,520,600,1200,0,2,1,2,4,0,2005,2,480,0,166
378500,20,13214,9,5,2008,2009,0,0,2002,2002,2018,0,2018,0,2,0,3,10,1,2009,3,746,144,76
108000,30,13907,5,6,1940,1969,0,290,706,996,996,0,996,1,1,0,3,6,1,1980,0,0,144,0
136500,120,4435,6,5,2003,2003,170,686,162,848,848,0,848,1,1,0,1,3,0,2003,2,420,140,0
227875,60,10207,7,6,2007,2007,0,0,874,874,874,887,1761,0,3,0,3,7,0,2007,2,578,144,105
132000,20,7420,5,5,1962,1962,0,417,640,1057,1057,0,1057,0,1,0,3,6,0,1977,2,576,0,0
286000,120,4923,8,5,2001,2002,0,1153,440,1593,1593,0,1593,1,1,1,0,5,1,2001,2,682,0,120
165000,160,2651,7,5,2000,2000,0,641,32,673,673,709,1382,1,2,1,3,6,0,2000,2,490,153,50
196000,120,4282,7,5,2004,2004,0,16,1375,1391,1391,0,1391,0,2,0,2,5,0,2004,2,530,156,158
164900,20,14559,5,7,1951,2000,70,650,178,1008,1363,0,1363,1,1,0,2,6,2,1951,1,288,324,42
192000,20,8749,7,5,2002,2002,100,0,1459,1459,1459,0,1459,0,2,0,3,6,1,2002,2,527,192,39
251000,120,5330,8,5,2000,2000,0,1196,298,1494,1652,0,1652,1,2,0,2,6,0,2000,2,499,96,48
147000,80,10970,6,6,1978,1978,0,505,0,940,1026,0,1026,1,1,0,3,5,0,1981,2,576,0,0
265979,70,11700,7,7,1880,2003,0,0,1240,1240,1320,1320,2640,0,1,1,4,8,1,1950,4,864,181,0
173000,60,8366,6,5,2004,2004,0,0,798,798,798,842,1640,0,2,1,3,6,0,2004,2,520,138,45
139400,45,7449,7,7,1930,1950,0,0,637,637,1108,0,1108,0,1,0,3,6,1,1930,1,280,0,0
52500,30,4118,4,4,1941,1950,0,0,693,693,693,0,693,0,1,0,2,4,0,1980,0,0,0,20
110000,50,7015,5,4,1950,1950,161,185,524,709,979,224,1203,1,1,0,3,5,1,1950,1,352,0,0
186700,20,35133,5,4,1963,1963,226,1159,413,1572,1572,0,1572,1,1,1,3,5,2,1963,3,995,0,263
201000,20,9196,7,5,2003,2003,0,0,1560,1560,1560,0,1560,0,2,0,3,7,0,2003,2,573,100,150
145000,90,7136,6,6,1946,1950,423,484,495,979,979,979,1958,0,2,0,4,8,0,1946,2,492,0,0
125000,20,7094,5,5,1966,1966,0,180,340,894,894,0,894,0,1,0,3,5,0,1966,1,384,0,0
192000,120,3182,8,5,2004,2005,16,24,1232,1256,1269,0,1269,0,2,0,2,6,1,2004,2,430,146,20
227680,20,12274,7,5,2008,2008,256,0,1417,1417,1428,0,1428,0,2,0,3,6,0,2008,2,554,0,60
394617,20,12444,8,5,2008,2008,426,1336,596,1932,1932,0,1932,1,2,0,2,7,1,2008,3,774,0,66
266000,120,8849,9,5,2005,2005,616,28,1656,1684,1684,0,1684,0,2,0,2,6,1,2005,2,564,495,72
538000,60,53504,8,5,2003,2003,603,1416,234,1650,1690,1589,3279,1,3,1,4,12,1,2003,3,841,503,36
100000,20,8877,4,6,1938,1958,0,690,126,816,816,0,816,1,1,0,2,3,1,1958,1,288,0,0
226000,60,14200,7,6,1966,1966,309,445,479,924,1216,941,2157,0,2,1,4,8,2,1966,2,487,105,66
200500,60,8750,6,5,1998,1998,116,505,299,804,804,878,1682,0,2,1,3,7,0,1998,2,523,0,77
118000,20,9405,5,9,1947,2008,0,0,698,698,698,0,698,0,1,0,2,4,0,1980,0,0,0,200
160000,20,57200,5,5,1948,1950,0,353,60,747,1687,0,1687,1,1,0,3,7,2,1966,2,572,0,0
164500,160,3951,6,5,2009,2009,76,0,612,612,612,612,1224,0,2,1,2,4,0,2009,2,528,0,234
119000,90,10624,5,4,1964,1964,84,40,1424,1728,1728,0,1728,0,2,0,6,10,0,2002,1,352,155,0
142500,20,13072,6,5,2005,2005,0,0,1141,1141,1141,0,1141,0,1,1,3,6,0,2005,2,484,0,0
167000,20,10628,7,5,1970,1970,0,778,499,1277,1277,0,1277,1,1,0,2,5,1,1970,2,526,0,0
100000,50,6060,4,5,1939,1950,0,0,732,732,772,351,1123,0,1,0,3,4,0,1979,1,264,0,0
278000,20,9600,8,5,1981,1981,0,1104,1420,2524,2524,0,2524,1,2,1,4,9,1,1981,2,542,474,120
176432,20,9317,6,5,2006,2006,0,24,1290,1314,1314,0,1314,0,2,0,3,6,1,2006,2,440,0,22
135000,50,7804,4,3,1928,1950,0,622,500,1122,1328,653,1981,1,2,0,4,7,2,1981,2,576,431,44
115000,20,8172,5,7,1955,1990,0,167,697,864,864,0,864,1,1,0,2,5,0,1957,2,572,0,0
189950,50,7642,7,8,1918,1998,0,0,912,912,912,514,1426,0,1,1,3,7,1,1925,1,216,0,240
174000,120,3684,7,5,2007,2007,130,0,1373,1373,1555,0,1555,0,2,0,2,7,1,2007,3,660,143,20
